,,,t,v,
Record Length,2.500000e+03,,   0.000055400000,  -0.08000,
Sample Interval,2.000000e-08,,   0.000055420000,  -0.10400,
Trigger Point,-2.770000000000e+03,,   0.000055440000,  -0.07200,
,,,   0.000055460000,  -0.08800,
,,,   0.000055480000,  -0.10400,
,,,   0.000055500000,  -0.10400,
Source,CH1,,   0.000055520000,  -0.08000,
Vertical Units,V,,   0.000055540000,  -0.08800,
Vertical Scale,2.000000e-01,,   0.000055560000,  -0.09600,
Vertical Offset,0.000000e+00,,   0.000055580000,  -0.05600,
Horizontal Units,s,,   0.000055600000,  -0.09600,
Horizontal Scale,5.000000e-06,,   0.000055620000,  -0.08000,
Pt Fmt,Y,,   0.000055640000,  -0.08000,
Yzero,0.000000e+00,,   0.000055660000,  -0.09600,
Probe Atten,1.000000e+01,,   0.000055680000,  -0.09600,
Model Number,TDS2022B,,   0.000055700000,  -0.10400,
Serial Number,C101009,,   0.000055720000,  -0.07200,
Firmware Version,FV:v22.11,,   0.000055740000,  -0.08000,
,,,0.000055760000,  -0.07200,
,,,0.000055780000,  -0.06400,
,,,0.000055800000,  -0.07200,
,,,0.000055820000,  -0.08000,
,,,0.000055840000,  -0.06400,
,,,0.000055860000,  -0.06400,
,,,0.000055880000,  -0.07200,
,,,0.000055900000,  -0.07200,
,,,0.000055920000,  -0.07200,
,,,0.000055940000,  -0.08800,
,,,0.000055960000,  -0.06400,
,,,0.000055980000,  -0.08000,
,,,0.000056000000,  -0.10400,
,,,0.000056020000,  -0.08000,
,,,0.000056040000,  -0.07200,
,,,0.000056060000,  -0.06400,
,,,0.000056080000,  -0.07200,
,,,0.000056100000,  -0.11200,
,,,0.000056120000,  -0.10400,
,,,0.000056140000,  -0.07200,
,,,0.000056160000,  -0.08800,
,,,0.000056180000,  -0.08800,
,,,0.000056200000,  -0.08800,
,,,0.000056220000,  -0.08800,
,,,0.000056240000,  -0.08800,
,,,0.000056260000,  -0.08800,
,,,0.000056280000,  -0.08800,
,,,0.000056300000,  -0.05600,
,,,0.000056320000,  -0.08000,
,,,0.000056340000,  -0.06400,
,,,0.000056360000,  -0.06400,
,,,0.000056380000,  -0.08800,
,,,0.000056400000,  -0.08800,
,,,0.000056420000,  -0.08000,
,,,0.000056440000,  -0.07200,
,,,0.000056460000,  -0.08000,
,,,0.000056480000,  -0.08800,
,,,0.000056500000,  -0.10400,
,,,0.000056520000,  -0.08800,
,,,0.000056540000,  -0.09600,
,,,0.000056560000,  -0.07200,
,,,0.000056580000,  -0.07200,
,,,0.000056600000,  -0.08000,
,,,0.000056620000,  -0.08800,
,,,0.000056640000,  -0.07200,
,,,0.000056660000,  -0.06400,
,,,0.000056680000,  -0.10400,
,,,0.000056700000,  -0.08800,
,,,0.000056720000,  -0.09600,
,,,0.000056740000,  -0.11200,
,,,0.000056760000,  -0.08800,
,,,0.000056780000,  -0.05600,
,,,0.000056800000,  -0.08800,
,,,0.000056820000,  -0.08800,
,,,0.000056840000,  -0.08000,
,,,0.000056860000,  -0.07200,
,,,0.000056880000,  -0.11200,
,,,0.000056900000,  -0.08800,
,,,0.000056920000,  -0.09600,
,,,0.000056940000,  -0.05600,
,,,0.000056960000,  -0.09600,
,,,0.000056980000,  -0.07200,
,,,0.000057000000,  -0.10400,
,,,0.000057020000,  -0.12800,
,,,0.000057040000,  -0.12800,
,,,0.000057060000,  -0.12000,
,,,0.000057080000,  -0.10400,
,,,0.000057100000,  -0.08800,
,,,0.000057120000,  -0.10400,
,,,0.000057140000,  -0.07200,
,,,0.000057160000,  -0.11200,
,,,0.000057180000,  -0.11200,
,,,0.000057200000,  -0.09600,
,,,0.000057220000,  -0.10400,
,,,0.000057240000,  -0.12000,
,,,0.000057260000,  -0.12000,
,,,0.000057280000,  -0.08000,
,,,0.000057300000,  -0.08800,
,,,0.000057320000,  -0.05600,
,,,0.000057340000,  -0.09600,
,,,0.000057360000,  -0.09600,
,,,0.000057380000,  -0.12800,
,,,0.000057400000,  -0.10400,
,,,0.000057420000,  -0.14400,
,,,0.000057440000,  -0.12000,
,,,0.000057460000,  -0.11200,
,,,0.000057480000,  -0.12800,
,,,0.000057500000,  -0.10400,
,,,0.000057520000,  -0.07200,
,,,0.000057540000,  -0.12000,
,,,0.000057560000,  -0.09600,
,,,0.000057580000,  -0.11200,
,,,0.000057600000,  -0.11200,
,,,0.000057620000,  -0.10400,
,,,0.000057640000,  -0.13600,
,,,0.000057660000,  -0.08000,
,,,0.000057680000,  -0.14400,
,,,0.000057700000,  -0.11200,
,,,0.000057720000,  -0.12800,
,,,0.000057740000,  -0.08000,
,,,0.000057760000,  -0.11200,
,,,0.000057780000,  -0.13600,
,,,0.000057800000,  -0.12800,
,,,0.000057820000,  -0.12800,
,,,0.000057840000,  -0.11200,
,,,0.000057860000,  -0.13600,
,,,0.000057880000,  -0.12000,
,,,0.000057900000,  -0.12000,
,,,0.000057920000,  -0.12000,
,,,0.000057940000,  -0.13600,
,,,0.000057960000,  -0.14400,
,,,0.000057980000,  -0.15200,
,,,0.000058000000,  -0.10400,
,,,0.000058020000,  -0.12800,
,,,0.000058040000,  -0.12800,
,,,0.000058060000,  -0.14400,
,,,0.000058080000,  -0.15200,
,,,0.000058100000,  -0.13600,
,,,0.000058120000,  -0.16000,
,,,0.000058140000,  -0.14400,
,,,0.000058160000,  -0.16800,
,,,0.000058180000,  -0.16800,
,,,0.000058200000,  -0.15200,
,,,0.000058220000,  -0.11200,
,,,0.000058240000,  -0.16000,
,,,0.000058260000,  -0.16000,
,,,0.000058280000,  -0.13600,
,,,0.000058300000,  -0.15200,
,,,0.000058320000,  -0.16000,
,,,0.000058340000,  -0.15200,
,,,0.000058360000,  -0.13600,
,,,0.000058380000,  -0.17600,
,,,0.000058400000,  -0.15200,
,,,0.000058420000,  -0.16000,
,,,0.000058440000,  -0.15200,
,,,0.000058460000,  -0.18400,
,,,0.000058480000,  -0.12800,
,,,0.000058500000,  -0.16000,
,,,0.000058520000,  -0.12800,
,,,0.000058540000,  -0.16000,
,,,0.000058560000,  -0.15200,
,,,0.000058580000,  -0.20000,
,,,0.000058600000,  -0.15200,
,,,0.000058620000,  -0.19200,
,,,0.000058640000,  -0.19200,
,,,0.000058660000,  -0.16800,
,,,0.000058680000,  -0.18400,
,,,0.000058700000,  -0.20000,
,,,0.000058720000,  -0.16800,
,,,0.000058740000,  -0.19200,
,,,0.000058760000,  -0.20800,
,,,0.000058780000,  -0.16000,
,,,0.000058800000,  -0.18400,
,,,0.000058820000,  -0.16000,
,,,0.000058840000,  -0.19200,
,,,0.000058860000,  -0.19200,
,,,0.000058880000,  -0.20800,
,,,0.000058900000,  -0.15200,
,,,0.000058920000,  -0.20000,
,,,0.000058940000,  -0.16000,
,,,0.000058960000,  -0.20800,
,,,0.000058980000,  -0.18400,
,,,0.000059000000,  -0.20000,
,,,0.000059020000,  -0.17600,
,,,0.000059040000,  -0.19200,
,,,0.000059060000,  -0.20800,
,,,0.000059080000,  -0.20000,
,,,0.000059100000,  -0.21600,
,,,0.000059120000,  -0.20800,
,,,0.000059140000,  -0.20000,
,,,0.000059160000,  -0.20000,
,,,0.000059180000,  -0.18400,
,,,0.000059200000,  -0.18400,
,,,0.000059220000,  -0.17600,
,,,0.000059240000,  -0.20800,
,,,0.000059260000,  -0.20800,
,,,0.000059280000,  -0.22400,
,,,0.000059300000,  -0.24000,
,,,0.000059320000,  -0.23200,
,,,0.000059340000,  -0.21600,
,,,0.000059360000,  -0.19200,
,,,0.000059380000,  -0.22400,
,,,0.000059400000,  -0.23200,
,,,0.000059420000,  -0.19200,
,,,0.000059440000,  -0.23200,
,,,0.000059460000,  -0.24800,
,,,0.000059480000,  -0.22400,
,,,0.000059500000,  -0.20800,
,,,0.000059520000,  -0.26400,
,,,0.000059540000,  -0.25600,
,,,0.000059560000,  -0.23200,
,,,0.000059580000,  -0.22400,
,,,0.000059600000,  -0.23200,
,,,0.000059620000,  -0.24000,
,,,0.000059640000,  -0.23200,
,,,0.000059660000,  -0.24800,
,,,0.000059680000,  -0.23200,
,,,0.000059700000,  -0.23200,
,,,0.000059720000,  -0.24000,
,,,0.000059740000,  -0.24000,
,,,0.000059760000,  -0.24000,
,,,0.000059780000,  -0.24000,
,,,0.000059800000,  -0.20800,
,,,0.000059820000,  -0.25600,
,,,0.000059840000,  -0.22400,
,,,0.000059860000,  -0.22400,
,,,0.000059880000,  -0.26400,
,,,0.000059900000,  -0.27200,
,,,0.000059920000,  -0.24800,
,,,0.000059940000,  -0.26400,
,,,0.000059960000,  -0.24000,
,,,0.000059980000,  -0.24000,
,,,0.000060000000,  -0.24000,
,,,0.000060020000,  -0.23200,
,,,0.000060040000,  -0.23200,
,,,0.000060060000,  -0.24000,
,,,0.000060080000,  -0.22400,
,,,0.000060100000,  -0.25600,
,,,0.000060120000,  -0.26400,
,,,0.000060140000,  -0.26400,
,,,0.000060160000,  -0.25600,
,,,0.000060180000,  -0.25600,
,,,0.000060200000,  -0.25600,
,,,0.000060220000,  -0.24800,
,,,0.000060240000,  -0.25600,
,,,0.000060260000,  -0.24000,
,,,0.000060280000,  -0.24000,
,,,0.000060300000,  -0.27200,
,,,0.000060320000,  -0.25600,
,,,0.000060340000,  -0.21600,
,,,0.000060360000,  -0.23200,
,,,0.000060380000,  -0.24000,
,,,0.000060400000,  -0.24000,
,,,0.000060420000,  -0.24000,
,,,0.000060440000,  -0.27200,
,,,0.000060460000,  -0.24800,
,,,0.000060480000,  -0.25600,
,,,0.000060500000,  -0.25600,
,,,0.000060520000,  -0.25600,
,,,0.000060540000,  -0.24800,
,,,0.000060560000,  -0.24000,
,,,0.000060580000,  -0.25600,
,,,0.000060600000,  -0.28800,
,,,0.000060620000,  -0.26400,
,,,0.000060640000,  -0.24000,
,,,0.000060660000,  -0.24800,
,,,0.000060680000,  -0.24000,
,,,0.000060700000,  -0.25600,
,,,0.000060720000,  -0.24800,
,,,0.000060740000,  -0.22400,
,,,0.000060760000,  -0.26400,
,,,0.000060780000,  -0.25600,
,,,0.000060800000,  -0.22400,
,,,0.000060820000,  -0.25600,
,,,0.000060840000,  -0.28000,
,,,0.000060860000,  -0.26400,
,,,0.000060880000,  -0.27200,
,,,0.000060900000,  -0.24000,
,,,0.000060920000,  -0.23200,
,,,0.000060940000,  -0.24000,
,,,0.000060960000,  -0.26400,
,,,0.000060980000,  -0.26400,
,,,0.000061000000,  -0.26400,
,,,0.000061020000,  -0.24000,
,,,0.000061040000,  -0.24000,
,,,0.000061060000,  -0.28800,
,,,0.000061080000,  -0.24800,
,,,0.000061100000,  -0.26400,
,,,0.000061120000,  -0.24800,
,,,0.000061140000,  -0.25600,
,,,0.000061160000,  -0.24800,
,,,0.000061180000,  -0.23200,
,,,0.000061200000,  -0.27200,
,,,0.000061220000,  -0.28000,
,,,0.000061240000,  -0.24800,
,,,0.000061260000,  -0.24000,
,,,0.000061280000,  -0.24000,
,,,0.000061300000,  -0.24000,
,,,0.000061320000,  -0.22400,
,,,0.000061340000,  -0.26400,
,,,0.000061360000,  -0.22400,
,,,0.000061380000,  -0.24800,
,,,0.000061400000,  -0.24000,
,,,0.000061420000,  -0.22400,
,,,0.000061440000,  -0.25600,
,,,0.000061460000,  -0.24000,
,,,0.000061480000,  -0.19200,
,,,0.000061500000,  -0.24800,
,,,0.000061520000,  -0.24000,
,,,0.000061540000,  -0.24800,
,,,0.000061560000,  -0.24800,
,,,0.000061580000,  -0.24800,
,,,0.000061600000,  -0.22400,
,,,0.000061620000,  -0.22400,
,,,0.000061640000,  -0.25600,
,,,0.000061660000,  -0.20000,
,,,0.000061680000,  -0.22400,
,,,0.000061700000,  -0.19200,
,,,0.000061720000,  -0.21600,
,,,0.000061740000,  -0.20000,
,,,0.000061760000,  -0.22400,
,,,0.000061780000,  -0.20800,
,,,0.000061800000,  -0.20800,
,,,0.000061820000,  -0.22400,
,,,0.000061840000,  -0.24000,
,,,0.000061860000,  -0.24000,
,,,0.000061880000,  -0.24000,
,,,0.000061900000,  -0.20800,
,,,0.000061920000,  -0.21600,
,,,0.000061940000,  -0.24000,
,,,0.000061960000,  -0.20800,
,,,0.000061980000,  -0.21600,
,,,0.000062000000,  -0.18400,
,,,0.000062020000,  -0.22400,
,,,0.000062040000,  -0.22400,
,,,0.000062060000,  -0.23200,
,,,0.000062080000,  -0.21600,
,,,0.000062100000,  -0.22400,
,,,0.000062120000,  -0.24000,
,,,0.000062140000,  -0.19200,
,,,0.000062160000,  -0.25600,
,,,0.000062180000,  -0.24000,
,,,0.000062200000,  -0.24000,
,,,0.000062220000,  -0.25600,
,,,0.000062240000,  -0.19200,
,,,0.000062260000,  -0.21600,
,,,0.000062280000,  -0.24000,
,,,0.000062300000,  -0.20800,
,,,0.000062320000,  -0.24000,
,,,0.000062340000,  -0.20800,
,,,0.000062360000,  -0.19200,
,,,0.000062380000,  -0.20800,
,,,0.000062400000,  -0.16000,
,,,0.000062420000,  -0.20800,
,,,0.000062440000,  -0.21600,
,,,0.000062460000,  -0.20000,
,,,0.000062480000,  -0.20800,
,,,0.000062500000,  -0.18400,
,,,0.000062520000,  -0.22400,
,,,0.000062540000,  -0.21600,
,,,0.000062560000,  -0.20800,
,,,0.000062580000,  -0.18400,
,,,0.000062600000,  -0.20000,
,,,0.000062620000,  -0.19200,
,,,0.000062640000,  -0.20800,
,,,0.000062660000,  -0.20000,
,,,0.000062680000,  -0.17600,
,,,0.000062700000,  -0.17600,
,,,0.000062720000,  -0.20000,
,,,0.000062740000,  -0.18400,
,,,0.000062760000,  -0.22400,
,,,0.000062780000,  -0.20800,
,,,0.000062800000,  -0.21600,
,,,0.000062820000,  -0.20000,
,,,0.000062840000,  -0.18400,
,,,0.000062860000,  -0.22400,
,,,0.000062880000,  -0.20800,
,,,0.000062900000,  -0.19200,
,,,0.000062920000,  -0.20000,
,,,0.000062940000,  -0.20000,
,,,0.000062960000,  -0.20000,
,,,0.000062980000,  -0.17600,
,,,0.000063000000,  -0.20800,
,,,0.000063020000,  -0.16000,
,,,0.000063040000,  -0.15200,
,,,0.000063060000,  -0.18400,
,,,0.000063080000,  -0.16000,
,,,0.000063100000,  -0.19200,
,,,0.000063120000,  -0.17600,
,,,0.000063140000,  -0.16800,
,,,0.000063160000,  -0.19200,
,,,0.000063180000,  -0.18400,
,,,0.000063200000,  -0.18400,
,,,0.000063220000,  -0.17600,
,,,0.000063240000,  -0.20800,
,,,0.000063260000,  -0.15200,
,,,0.000063280000,  -0.17600,
,,,0.000063300000,  -0.20000,
,,,0.000063320000,  -0.24000,
,,,0.000063340000,  -0.19200,
,,,0.000063360000,  -0.15200,
,,,0.000063380000,  -0.16000,
,,,0.000063400000,  -0.18400,
,,,0.000063420000,  -0.16000,
,,,0.000063440000,  -0.16800,
,,,0.000063460000,  -0.18400,
,,,0.000063480000,  -0.16800,
,,,0.000063500000,  -0.13600,
,,,0.000063520000,  -0.14400,
,,,0.000063540000,  -0.17600,
,,,0.000063560000,  -0.18400,
,,,0.000063580000,  -0.18400,
,,,0.000063600000,  -0.14400,
,,,0.000063620000,  -0.16000,
,,,0.000063640000,  -0.12800,
,,,0.000063660000,  -0.12800,
,,,0.000063680000,  -0.18400,
,,,0.000063700000,  -0.15200,
,,,0.000063720000,  -0.18400,
,,,0.000063740000,  -0.16000,
,,,0.000063760000,  -0.16800,
,,,0.000063780000,  -0.16800,
,,,0.000063800000,  -0.16800,
,,,0.000063820000,  -0.13600,
,,,0.000063840000,  -0.16800,
,,,0.000063860000,  -0.12800,
,,,0.000063880000,  -0.13600,
,,,0.000063900000,  -0.13600,
,,,0.000063920000,  -0.12000,
,,,0.000063940000,  -0.15200,
,,,0.000063960000,  -0.16800,
,,,0.000063980000,  -0.14400,
,,,0.000064000000,  -0.16000,
,,,0.000064020000,  -0.10400,
,,,0.000064040000,  -0.13600,
,,,0.000064060000,  -0.15200,
,,,0.000064080000,  -0.13600,
,,,0.000064100000,  -0.12000,
,,,0.000064120000,  -0.16000,
,,,0.000064140000,  -0.13600,
,,,0.000064160000,  -0.12800,
,,,0.000064180000,  -0.13600,
,,,0.000064200000,  -0.12000,
,,,0.000064220000,  -0.14400,
,,,0.000064240000,  -0.13600,
,,,0.000064260000,  -0.10400,
,,,0.000064280000,  -0.14400,
,,,0.000064300000,  -0.12000,
,,,0.000064320000,  -0.14400,
,,,0.000064340000,  -0.15200,
,,,0.000064360000,  -0.11200,
,,,0.000064380000,  -0.11200,
,,,0.000064400000,  -0.12800,
,,,0.000064420000,  -0.15200,
,,,0.000064440000,  -0.16000,
,,,0.000064460000,  -0.13600,
,,,0.000064480000,  -0.14400,
,,,0.000064500000,  -0.13600,
,,,0.000064520000,  -0.12800,
,,,0.000064540000,  -0.11200,
,,,0.000064560000,  -0.11200,
,,,0.000064580000,  -0.11200,
,,,0.000064600000,  -0.09600,
,,,0.000064620000,  -0.11200,
,,,0.000064640000,  -0.11200,
,,,0.000064660000,  -0.12000,
,,,0.000064680000,  -0.10400,
,,,0.000064700000,  -0.13600,
,,,0.000064720000,  -0.12800,
,,,0.000064740000,  -0.13600,
,,,0.000064760000,  -0.12000,
,,,0.000064780000,  -0.12800,
,,,0.000064800000,  -0.13600,
,,,0.000064820000,  -0.15200,
,,,0.000064840000,  -0.12800,
,,,0.000064860000,  -0.10400,
,,,0.000064880000,  -0.08800,
,,,0.000064900000,  -0.13600,
,,,0.000064920000,  -0.10400,
,,,0.000064940000,  -0.07200,
,,,0.000064960000,  -0.12800,
,,,0.000064980000,  -0.10400,
,,,0.000065000000,  -0.12800,
,,,0.000065020000,  -0.12800,
,,,0.000065040000,  -0.12800,
,,,0.000065060000,  -0.09600,
,,,0.000065080000,  -0.09600,
,,,0.000065100000,  -0.11200,
,,,0.000065120000,  -0.15200,
,,,0.000065140000,  -0.08800,
,,,0.000065160000,  -0.07200,
,,,0.000065180000,  -0.05600,
,,,0.000065200000,  -0.10400,
,,,0.000065220000,  -0.07200,
,,,0.000065240000,  -0.11200,
,,,0.000065260000,  -0.09600,
,,,0.000065280000,  -0.09600,
,,,0.000065300000,  -0.08800,
,,,0.000065320000,  -0.11200,
,,,0.000065340000,  -0.08000,
,,,0.000065360000,  -0.08800,
,,,0.000065380000,  -0.06400,
,,,0.000065400000,  -0.12000,
,,,0.000065420000,  -0.09600,
,,,0.000065440000,  -0.05600,
,,,0.000065460000,  -0.12800,
,,,0.000065480000,  -0.12000,
,,,0.000065500000,  -0.07200,
,,,0.000065520000,  -0.08800,
,,,0.000065540000,  -0.09600,
,,,0.000065560000,  -0.05600,
,,,0.000065580000,  -0.08000,
,,,0.000065600000,  -0.08800,
,,,0.000065620000,  -0.07200,
,,,0.000065640000,  -0.08000,
,,,0.000065660000,  -0.08800,
,,,0.000065680000,  -0.08000,
,,,0.000065700000,  -0.09600,
,,,0.000065720000,  -0.06400,
,,,0.000065740000,  -0.10400,
,,,0.000065760000,  -0.05600,
,,,0.000065780000,  -0.10400,
,,,0.000065800000,  -0.08000,
,,,0.000065820000,  -0.06400,
,,,0.000065840000,  -0.10400,
,,,0.000065860000,  -0.11200,
,,,0.000065880000,  -0.12800,
,,,0.000065900000,  -0.08800,
,,,0.000065920000,  -0.08000,
,,,0.000065940000,  -0.08000,
,,,0.000065960000,  -0.04800,
,,,0.000065980000,  -0.10400,
,,,0.000066000000,  -0.08000,
,,,0.000066020000,  -0.10400,
,,,0.000066040000,  -0.08000,
,,,0.000066060000,  -0.07200,
,,,0.000066080000,  -0.07200,
,,,0.000066100000,  -0.07200,
,,,0.000066120000,  -0.04800,
,,,0.000066140000,  -0.08000,
,,,0.000066160000,  -0.08000,
,,,0.000066180000,  -0.08800,
,,,0.000066200000,  -0.07200,
,,,0.000066220000,  -0.11200,
,,,0.000066240000,  -0.07200,
,,,0.000066260000,  -0.09600,
,,,0.000066280000,  -0.08000,
,,,0.000066300000,  -0.09600,
,,,0.000066320000,  -0.09600,
,,,0.000066340000,  -0.06400,
,,,0.000066360000,  -0.06400,
,,,0.000066380000,  -0.07200,
,,,0.000066400000,  -0.06400,
,,,0.000066420000,  -0.05600,
,,,0.000066440000,  -0.05600,
,,,0.000066460000,  -0.04000,
,,,0.000066480000,  -0.09600,
,,,0.000066500000,  -0.09600,
,,,0.000066520000,  -0.06400,
,,,0.000066540000,  -0.09600,
,,,0.000066560000,  -0.09600,
,,,0.000066580000,  -0.08000,
,,,0.000066600000,  -0.09600,
,,,0.000066620000,  -0.07200,
,,,0.000066640000,  -0.11200,
,,,0.000066660000,  -0.08000,
,,,0.000066680000,  -0.09600,
,,,0.000066700000,  -0.08800,
,,,0.000066720000,  -0.08000,
,,,0.000066740000,  -0.06400,
,,,0.000066760000,  -0.08000,
,,,0.000066780000,  -0.08000,
,,,0.000066800000,  -0.08000,
,,,0.000066820000,  -0.08000,
,,,0.000066840000,  -0.07200,
,,,0.000066860000,  -0.05600,
,,,0.000066880000,  -0.09600,
,,,0.000066900000,  -0.07200,
,,,0.000066920000,  -0.06400,
,,,0.000066940000,  -0.08800,
,,,0.000066960000,  -0.08000,
,,,0.000066980000,  -0.06400,
,,,0.000067000000,  -0.08000,
,,,0.000067020000,  -0.07200,
,,,0.000067040000,  -0.09600,
,,,0.000067060000,  -0.11200,
,,,0.000067080000,  -0.07200,
,,,0.000067100000,  -0.09600,
,,,0.000067120000,  -0.08000,
,,,0.000067140000,  -0.09600,
,,,0.000067160000,  -0.10400,
,,,0.000067180000,  -0.07200,
,,,0.000067200000,  -0.09600,
,,,0.000067220000,  -0.07200,
,,,0.000067240000,  -0.09600,
,,,0.000067260000,  -0.10400,
,,,0.000067280000,  -0.08800,
,,,0.000067300000,  -0.10400,
,,,0.000067320000,  -0.09600,
,,,0.000067340000,  -0.07200,
,,,0.000067360000,  -0.10400,
,,,0.000067380000,  -0.09600,
,,,0.000067400000,  -0.12800,
,,,0.000067420000,  -0.12800,
,,,0.000067440000,  -0.08800,
,,,0.000067460000,  -0.08800,
,,,0.000067480000,  -0.08000,
,,,0.000067500000,  -0.08800,
,,,0.000067520000,  -0.08000,
,,,0.000067540000,  -0.09600,
,,,0.000067560000,  -0.09600,
,,,0.000067580000,  -0.09600,
,,,0.000067600000,  -0.07200,
,,,0.000067620000,  -0.11200,
,,,0.000067640000,  -0.09600,
,,,0.000067660000,  -0.09600,
,,,0.000067680000,  -0.12000,
,,,0.000067700000,  -0.10400,
,,,0.000067720000,  -0.11200,
,,,0.000067740000,  -0.10400,
,,,0.000067760000,  -0.11200,
,,,0.000067780000,  -0.08800,
,,,0.000067800000,  -0.11200,
,,,0.000067820000,  -0.12800,
,,,0.000067840000,  -0.13600,
,,,0.000067860000,  -0.12800,
,,,0.000067880000,  -0.08000,
,,,0.000067900000,  -0.11200,
,,,0.000067920000,  -0.07200,
,,,0.000067940000,  -0.12000,
,,,0.000067960000,  -0.12800,
,,,0.000067980000,  -0.12800,
,,,0.000068000000,  -0.12000,
,,,0.000068020000,  -0.12800,
,,,0.000068040000,  -0.10400,
,,,0.000068060000,  -0.13600,
,,,0.000068080000,  -0.16000,
,,,0.000068100000,  -0.09600,
,,,0.000068120000,  -0.13600,
,,,0.000068140000,  -0.14400,
,,,0.000068160000,  -0.13600,
,,,0.000068180000,  -0.16800,
,,,0.000068200000,  -0.12000,
,,,0.000068220000,  -0.14400,
,,,0.000068240000,  -0.14400,
,,,0.000068260000,  -0.16000,
,,,0.000068280000,  -0.11200,
,,,0.000068300000,  -0.13600,
,,,0.000068320000,  -0.14400,
,,,0.000068340000,  -0.15200,
,,,0.000068360000,  -0.13600,
,,,0.000068380000,  -0.11200,
,,,0.000068400000,  -0.15200,
,,,0.000068420000,  -0.12000,
,,,0.000068440000,  -0.15200,
,,,0.000068460000,  -0.16000,
,,,0.000068480000,  -0.16000,
,,,0.000068500000,  -0.16000,
,,,0.000068520000,  -0.16000,
,,,0.000068540000,  -0.16000,
,,,0.000068560000,  -0.16800,
,,,0.000068580000,  -0.15200,
,,,0.000068600000,  -0.13600,
,,,0.000068620000,  -0.16000,
,,,0.000068640000,  -0.13600,
,,,0.000068660000,  -0.16000,
,,,0.000068680000,  -0.12800,
,,,0.000068700000,  -0.13600,
,,,0.000068720000,  -0.18400,
,,,0.000068740000,  -0.16000,
,,,0.000068760000,  -0.17600,
,,,0.000068780000,  -0.18400,
,,,0.000068800000,  -0.18400,
,,,0.000068820000,  -0.16800,
,,,0.000068840000,  -0.16000,
,,,0.000068860000,  -0.13600,
,,,0.000068880000,  -0.20000,
,,,0.000068900000,  -0.16800,
,,,0.000068920000,  -0.17600,
,,,0.000068940000,  -0.18400,
,,,0.000068960000,  -0.19200,
,,,0.000068980000,  -0.19200,
,,,0.000069000000,  -0.18400,
,,,0.000069020000,  -0.16800,
,,,0.000069040000,  -0.16800,
,,,0.000069060000,  -0.20800,
,,,0.000069080000,  -0.17600,
,,,0.000069100000,  -0.17600,
,,,0.000069120000,  -0.19200,
,,,0.000069140000,  -0.19200,
,,,0.000069160000,  -0.18400,
,,,0.000069180000,  -0.22400,
,,,0.000069200000,  -0.17600,
,,,0.000069220000,  -0.20000,
,,,0.000069240000,  -0.20000,
,,,0.000069260000,  -0.18400,
,,,0.000069280000,  -0.21600,
,,,0.000069300000,  -0.18400,
,,,0.000069320000,  -0.20800,
,,,0.000069340000,  -0.19200,
,,,0.000069360000,  -0.23200,
,,,0.000069380000,  -0.20800,
,,,0.000069400000,  -0.20000,
,,,0.000069420000,  -0.24000,
,,,0.000069440000,  -0.21600,
,,,0.000069460000,  -0.20800,
,,,0.000069480000,  -0.20800,
,,,0.000069500000,  -0.19200,
,,,0.000069520000,  -0.20800,
,,,0.000069540000,  -0.23200,
,,,0.000069560000,  -0.21600,
,,,0.000069580000,  -0.19200,
,,,0.000069600000,  -0.20800,
,,,0.000069620000,  -0.19200,
,,,0.000069640000,  -0.23200,
,,,0.000069660000,  -0.20800,
,,,0.000069680000,  -0.23200,
,,,0.000069700000,  -0.23200,
,,,0.000069720000,  -0.20800,
,,,0.000069740000,  -0.21600,
,,,0.000069760000,  -0.27200,
,,,0.000069780000,  -0.23200,
,,,0.000069800000,  -0.25600,
,,,0.000069820000,  -0.23200,
,,,0.000069840000,  -0.21600,
,,,0.000069860000,  -0.23200,
,,,0.000069880000,  -0.22400,
,,,0.000069900000,  -0.25600,
,,,0.000069920000,  -0.25600,
,,,0.000069940000,  -0.23200,
,,,0.000069960000,  -0.24000,
,,,0.000069980000,  -0.24800,
,,,0.000070000000,  -0.28000,
,,,0.000070020000,  -0.22400,
,,,0.000070040000,  -0.24000,
,,,0.000070060000,  -0.24800,
,,,0.000070080000,  -0.23200,
,,,0.000070100000,  -0.22400,
,,,0.000070120000,  -0.26400,
,,,0.000070140000,  -0.28000,
,,,0.000070160000,  -0.22400,
,,,0.000070180000,  -0.27200,
,,,0.000070200000,  -0.28000,
,,,0.000070220000,  -0.27200,
,,,0.000070240000,  -0.27200,
,,,0.000070260000,  -0.25600,
,,,0.000070280000,  -0.23200,
,,,0.000070300000,  -0.23200,
,,,0.000070320000,  -0.22400,
,,,0.000070340000,  -0.24800,
,,,0.000070360000,  -0.20800,
,,,0.000070380000,  -0.24800,
,,,0.000070400000,  -0.24800,
,,,0.000070420000,  -0.26400,
,,,0.000070440000,  -0.25600,
,,,0.000070460000,  -0.26400,
,,,0.000070480000,  -0.28000,
,,,0.000070500000,  -0.27200,
,,,0.000070520000,  -0.25600,
,,,0.000070540000,  -0.29600,
,,,0.000070560000,  -0.25600,
,,,0.000070580000,  -0.24000,
,,,0.000070600000,  -0.27200,
,,,0.000070620000,  -0.26400,
,,,0.000070640000,  -0.23200,
,,,0.000070660000,  -0.28000,
,,,0.000070680000,  -0.21600,
,,,0.000070700000,  -0.26400,
,,,0.000070720000,  -0.27200,
,,,0.000070740000,  -0.28800,
,,,0.000070760000,  -0.22400,
,,,0.000070780000,  -0.29600,
,,,0.000070800000,  -0.27200,
,,,0.000070820000,  -0.25600,
,,,0.000070840000,  -0.23200,
,,,0.000070860000,  -0.24000,
,,,0.000070880000,  -0.24800,
,,,0.000070900000,  -0.25600,
,,,0.000070920000,  -0.28000,
,,,0.000070940000,  -0.25600,
,,,0.000070960000,  -0.28800,
,,,0.000070980000,  -0.26400,
,,,0.000071000000,  -0.27200,
,,,0.000071020000,  -0.26400,
,,,0.000071040000,  -0.24800,
,,,0.000071060000,  -0.25600,
,,,0.000071080000,  -0.24800,
,,,0.000071100000,  -0.26400,
,,,0.000071120000,  -0.24800,
,,,0.000071140000,  -0.27200,
,,,0.000071160000,  -0.25600,
,,,0.000071180000,  -0.26400,
,,,0.000071200000,  -0.23200,
,,,0.000071220000,  -0.22400,
,,,0.000071240000,  -0.24000,
,,,0.000071260000,  -0.26400,
,,,0.000071280000,  -0.20800,
,,,0.000071300000,  -0.23200,
,,,0.000071320000,  -0.22400,
,,,0.000071340000,  -0.24000,
,,,0.000071360000,  -0.26400,
,,,0.000071380000,  -0.22400,
,,,0.000071400000,  -0.27200,
,,,0.000071420000,  -0.23200,
,,,0.000071440000,  -0.22400,
,,,0.000071460000,  -0.26400,
,,,0.000071480000,  -0.22400,
,,,0.000071500000,  -0.22400,
,,,0.000071520000,  -0.21600,
,,,0.000071540000,  -0.27200,
,,,0.000071560000,  -0.20000,
,,,0.000071580000,  -0.23200,
,,,0.000071600000,  -0.20000,
,,,0.000071620000,  -0.21600,
,,,0.000071640000,  -0.21600,
,,,0.000071660000,  -0.24800,
,,,0.000071680000,  -0.24000,
,,,0.000071700000,  -0.20800,
,,,0.000071720000,  -0.22400,
,,,0.000071740000,  -0.21600,
,,,0.000071760000,  -0.23200,
,,,0.000071780000,  -0.23200,
,,,0.000071800000,  -0.24000,
,,,0.000071820000,  -0.23200,
,,,0.000071840000,  -0.20000,
,,,0.000071860000,  -0.26400,
,,,0.000071880000,  -0.24800,
,,,0.000071900000,  -0.21600,
,,,0.000071920000,  -0.22400,
,,,0.000071940000,  -0.21600,
,,,0.000071960000,  -0.22400,
,,,0.000071980000,  -0.20000,
,,,0.000072000000,  -0.23200,
,,,0.000072020000,  -0.16800,
,,,0.000072040000,  -0.23200,
,,,0.000072060000,  -0.21600,
,,,0.000072080000,  -0.20800,
,,,0.000072100000,  -0.23200,
,,,0.000072120000,  -0.22400,
,,,0.000072140000,  -0.20800,
,,,0.000072160000,  -0.21600,
,,,0.000072180000,  -0.20000,
,,,0.000072200000,  -0.21600,
,,,0.000072220000,  -0.21600,
,,,0.000072240000,  -0.21600,
,,,0.000072260000,  -0.23200,
,,,0.000072280000,  -0.20800,
,,,0.000072300000,  -0.19200,
,,,0.000072320000,  -0.21600,
,,,0.000072340000,  -0.19200,
,,,0.000072360000,  -0.21600,
,,,0.000072380000,  -0.20800,
,,,0.000072400000,  -0.22400,
,,,0.000072420000,  -0.20800,
,,,0.000072440000,  -0.21600,
,,,0.000072460000,  -0.22400,
,,,0.000072480000,  -0.17600,
,,,0.000072500000,  -0.21600,
,,,0.000072520000,  -0.20800,
,,,0.000072540000,  -0.22400,
,,,0.000072560000,  -0.20000,
,,,0.000072580000,  -0.22400,
,,,0.000072600000,  -0.24000,
,,,0.000072620000,  -0.18400,
,,,0.000072640000,  -0.23200,
,,,0.000072660000,  -0.25600,
,,,0.000072680000,  -0.19200,
,,,0.000072700000,  -0.22400,
,,,0.000072720000,  -0.20800,
,,,0.000072740000,  -0.24000,
,,,0.000072760000,  -0.20000,
,,,0.000072780000,  -0.21600,
,,,0.000072800000,  -0.21600,
,,,0.000072820000,  -0.21600,
,,,0.000072840000,  -0.24000,
,,,0.000072860000,  -0.20800,
,,,0.000072880000,  -0.20000,
,,,0.000072900000,  -0.20000,
,,,0.000072920000,  -0.18400,
,,,0.000072940000,  -0.16800,
,,,0.000072960000,  -0.22400,
,,,0.000072980000,  -0.20000,
,,,0.000073000000,  -0.18400,
,,,0.000073020000,  -0.23200,
,,,0.000073040000,  -0.19200,
,,,0.000073060000,  -0.20800,
,,,0.000073080000,  -0.17600,
,,,0.000073100000,  -0.16800,
,,,0.000073120000,  -0.17600,
,,,0.000073140000,  -0.20000,
,,,0.000073160000,  -0.17600,
,,,0.000073180000,  -0.20000,
,,,0.000073200000,  -0.14400,
,,,0.000073220000,  -0.18400,
,,,0.000073240000,  -0.20000,
,,,0.000073260000,  -0.21600,
,,,0.000073280000,  -0.20800,
,,,0.000073300000,  -0.18400,
,,,0.000073320000,  -0.19200,
,,,0.000073340000,  -0.19200,
,,,0.000073360000,  -0.16800,
,,,0.000073380000,  -0.20800,
,,,0.000073400000,  -0.20000,
,,,0.000073420000,  -0.21600,
,,,0.000073440000,  -0.14400,
,,,0.000073460000,  -0.17600,
,,,0.000073480000,  -0.15200,
,,,0.000073500000,  -0.16800,
,,,0.000073520000,  -0.17600,
,,,0.000073540000,  -0.18400,
,,,0.000073560000,  -0.16800,
,,,0.000073580000,  -0.19200,
,,,0.000073600000,  -0.17600,
,,,0.000073620000,  -0.18400,
,,,0.000073640000,  -0.16800,
,,,0.000073660000,  -0.16000,
,,,0.000073680000,  -0.17600,
,,,0.000073700000,  -0.17600,
,,,0.000073720000,  -0.18400,
,,,0.000073740000,  -0.15200,
,,,0.000073760000,  -0.19200,
,,,0.000073780000,  -0.18400,
,,,0.000073800000,  -0.16800,
,,,0.000073820000,  -0.16000,
,,,0.000073840000,  -0.16800,
,,,0.000073860000,  -0.15200,
,,,0.000073880000,  -0.16000,
,,,0.000073900000,  -0.14400,
,,,0.000073920000,  -0.15200,
,,,0.000073940000,  -0.16000,
,,,0.000073960000,  -0.14400,
,,,0.000073980000,  -0.14400,
,,,0.000074000000,  -0.13600,
,,,0.000074020000,  -0.13600,
,,,0.000074040000,  -0.15200,
,,,0.000074060000,  -0.15200,
,,,0.000074080000,  -0.14400,
,,,0.000074100000,  -0.16000,
,,,0.000074120000,  -0.16000,
,,,0.000074140000,  -0.15200,
,,,0.000074160000,  -0.17600,
,,,0.000074180000,  -0.14400,
,,,0.000074200000,  -0.12000,
,,,0.000074220000,  -0.17600,
,,,0.000074240000,  -0.15200,
,,,0.000074260000,  -0.13600,
,,,0.000074280000,  -0.13600,
,,,0.000074300000,  -0.11200,
,,,0.000074320000,  -0.15200,
,,,0.000074340000,  -0.12000,
,,,0.000074360000,  -0.14400,
,,,0.000074380000,  -0.15200,
,,,0.000074400000,  -0.14400,
,,,0.000074420000,  -0.16000,
,,,0.000074440000,  -0.16000,
,,,0.000074460000,  -0.16000,
,,,0.000074480000,  -0.15200,
,,,0.000074500000,  -0.15200,
,,,0.000074520000,  -0.12000,
,,,0.000074540000,  -0.12800,
,,,0.000074560000,  -0.13600,
,,,0.000074580000,  -0.11200,
,,,0.000074600000,  -0.14400,
,,,0.000074620000,  -0.11200,
,,,0.000074640000,  -0.15200,
,,,0.000074660000,  -0.13600,
,,,0.000074680000,  -0.15200,
,,,0.000074700000,  -0.12000,
,,,0.000074720000,  -0.08800,
,,,0.000074740000,  -0.13600,
,,,0.000074760000,  -0.13600,
,,,0.000074780000,  -0.14400,
,,,0.000074800000,  -0.12000,
,,,0.000074820000,  -0.11200,
,,,0.000074840000,  -0.11200,
,,,0.000074860000,  -0.12800,
,,,0.000074880000,  -0.13600,
,,,0.000074900000,  -0.12800,
,,,0.000074920000,  -0.12800,
,,,0.000074940000,  -0.13600,
,,,0.000074960000,  -0.12800,
,,,0.000074980000,  -0.13600,
,,,0.000075000000,  -0.10400,
,,,0.000075020000,  -0.11200,
,,,0.000075040000,  -0.11200,
,,,0.000075060000,  -0.12800,
,,,0.000075080000,  -0.14400,
,,,0.000075100000,  -0.07200,
,,,0.000075120000,  -0.15200,
,,,0.000075140000,  -0.13600,
,,,0.000075160000,  -0.11200,
,,,0.000075180000,  -0.08800,
,,,0.000075200000,  -0.12800,
,,,0.000075220000,  -0.09600,
,,,0.000075240000,  -0.09600,
,,,0.000075260000,  -0.11200,
,,,0.000075280000,  -0.12000,
,,,0.000075300000,  -0.13600,
,,,0.000075320000,  -0.11200,
,,,0.000075340000,  -0.10400,
,,,0.000075360000,  -0.11200,
,,,0.000075380000,  -0.08800,
,,,0.000075400000,  -0.12800,
,,,0.000075420000,  -0.08800,
,,,0.000075440000,  -0.12000,
,,,0.000075460000,  -0.08000,
,,,0.000075480000,  -0.09600,
,,,0.000075500000,  -0.15200,
,,,0.000075520000,  -0.11200,
,,,0.000075540000,  -0.11200,
,,,0.000075560000,  -0.10400,
,,,0.000075580000,  -0.11200,
,,,0.000075600000,  -0.06400,
,,,0.000075620000,  -0.12000,
,,,0.000075640000,  -0.10400,
,,,0.000075660000,  -0.08800,
,,,0.000075680000,  -0.11200,
,,,0.000075700000,  -0.10400,
,,,0.000075720000,  -0.12000,
,,,0.000075740000,  -0.09600,
,,,0.000075760000,  -0.09600,
,,,0.000075780000,  -0.09600,
,,,0.000075800000,  -0.08800,
,,,0.000075820000,  -0.08000,
,,,0.000075840000,  -0.10400,
,,,0.000075860000,  -0.10400,
,,,0.000075880000,  -0.08000,
,,,0.000075900000,  -0.06400,
,,,0.000075920000,  -0.09600,
,,,0.000075940000,  -0.09600,
,,,0.000075960000,  -0.06400,
,,,0.000075980000,  -0.08800,
,,,0.000076000000,  -0.05600,
,,,0.000076020000,  -0.08800,
,,,0.000076040000,  -0.10400,
,,,0.000076060000,  -0.05600,
,,,0.000076080000,  -0.10400,
,,,0.000076100000,  -0.08000,
,,,0.000076120000,  -0.09600,
,,,0.000076140000,  -0.09600,
,,,0.000076160000,  -0.08000,
,,,0.000076180000,  -0.09600,
,,,0.000076200000,  -0.06400,
,,,0.000076220000,  -0.06400,
,,,0.000076240000,  -0.07200,
,,,0.000076260000,  -0.10400,
,,,0.000076280000,  -0.09600,
,,,0.000076300000,  -0.08000,
,,,0.000076320000,  -0.11200,
,,,0.000076340000,  -0.10400,
,,,0.000076360000,  -0.08000,
,,,0.000076380000,  -0.10400,
,,,0.000076400000,  -0.06400,
,,,0.000076420000,  -0.09600,
,,,0.000076440000,  -0.08800,
,,,0.000076460000,  -0.06400,
,,,0.000076480000,  -0.08000,
,,,0.000076500000,  -0.08000,
,,,0.000076520000,  -0.12000,
,,,0.000076540000,  -0.12000,
,,,0.000076560000,  -0.08800,
,,,0.000076580000,  -0.08800,
,,,0.000076600000,  -0.05600,
,,,0.000076620000,  -0.10400,
,,,0.000076640000,  -0.09600,
,,,0.000076660000,  -0.12000,
,,,0.000076680000,  -0.06400,
,,,0.000076700000,  -0.05600,
,,,0.000076720000,  -0.05600,
,,,0.000076740000,  -0.10400,
,,,0.000076760000,  -0.06400,
,,,0.000076780000,  -0.06400,
,,,0.000076800000,  -0.08800,
,,,0.000076820000,  -0.06400,
,,,0.000076840000,  -0.07200,
,,,0.000076860000,  -0.11200,
,,,0.000076880000,  -0.08800,
,,,0.000076900000,  -0.08800,
,,,0.000076920000,  -0.09600,
,,,0.000076940000,  -0.06400,
,,,0.000076960000,  -0.06400,
,,,0.000076980000,  -0.09600,
,,,0.000077000000,  -0.06400,
,,,0.000077020000,  -0.07200,
,,,0.000077040000,  -0.08800,
,,,0.000077060000,  -0.08800,
,,,0.000077080000,  -0.09600,
,,,0.000077100000,  -0.06400,
,,,0.000077120000,  -0.09600,
,,,0.000077140000,  -0.12000,
,,,0.000077160000,  -0.11200,
,,,0.000077180000,  -0.08000,
,,,0.000077200000,  -0.08800,
,,,0.000077220000,  -0.09600,
,,,0.000077240000,  -0.08000,
,,,0.000077260000,  -0.06400,
,,,0.000077280000,  -0.10400,
,,,0.000077300000,  -0.09600,
,,,0.000077320000,  -0.06400,
,,,0.000077340000,  -0.12000,
,,,0.000077360000,  -0.07200,
,,,0.000077380000,  -0.10400,
,,,0.000077400000,  -0.08800,
,,,0.000077420000,  -0.09600,
,,,0.000077440000,  -0.12000,
,,,0.000077460000,  -0.11200,
,,,0.000077480000,  -0.09600,
,,,0.000077500000,  -0.09600,
,,,0.000077520000,  -0.10400,
,,,0.000077540000,  -0.08000,
,,,0.000077560000,  -0.09600,
,,,0.000077580000,  -0.08800,
,,,0.000077600000,  -0.10400,
,,,0.000077620000,  -0.09600,
,,,0.000077640000,  -0.13600,
,,,0.000077660000,  -0.10400,
,,,0.000077680000,  -0.08800,
,,,0.000077700000,  -0.11200,
,,,0.000077720000,  -0.10400,
,,,0.000077740000,  -0.11200,
,,,0.000077760000,  -0.11200,
,,,0.000077780000,  -0.07200,
,,,0.000077800000,  -0.08800,
,,,0.000077820000,  -0.11200,
,,,0.000077840000,  -0.10400,
,,,0.000077860000,  -0.09600,
,,,0.000077880000,  -0.08800,
,,,0.000077900000,  -0.12000,
,,,0.000077920000,  -0.12000,
,,,0.000077940000,  -0.12800,
,,,0.000077960000,  -0.12800,
,,,0.000077980000,  -0.12000,
,,,0.000078000000,  -0.13600,
,,,0.000078020000,  -0.10400,
,,,0.000078040000,  -0.13600,
,,,0.000078060000,  -0.12800,
,,,0.000078080000,  -0.13600,
,,,0.000078100000,  -0.12000,
,,,0.000078120000,  -0.10400,
,,,0.000078140000,  -0.12800,
,,,0.000078160000,  -0.12000,
,,,0.000078180000,  -0.12800,
,,,0.000078200000,  -0.12800,
,,,0.000078220000,  -0.13600,
,,,0.000078240000,  -0.13600,
,,,0.000078260000,  -0.12800,
,,,0.000078280000,  -0.13600,
,,,0.000078300000,  -0.13600,
,,,0.000078320000,  -0.14400,
,,,0.000078340000,  -0.13600,
,,,0.000078360000,  -0.16800,
,,,0.000078380000,  -0.13600,
,,,0.000078400000,  -0.17600,
,,,0.000078420000,  -0.12000,
,,,0.000078440000,  -0.13600,
,,,0.000078460000,  -0.12800,
,,,0.000078480000,  -0.14400,
,,,0.000078500000,  -0.14400,
,,,0.000078520000,  -0.14400,
,,,0.000078540000,  -0.16000,
,,,0.000078560000,  -0.14400,
,,,0.000078580000,  -0.13600,
,,,0.000078600000,  -0.16000,
,,,0.000078620000,  -0.13600,
,,,0.000078640000,  -0.16800,
,,,0.000078660000,  -0.14400,
,,,0.000078680000,  -0.13600,
,,,0.000078700000,  -0.14400,
,,,0.000078720000,  -0.12000,
,,,0.000078740000,  -0.13600,
,,,0.000078760000,  -0.12800,
,,,0.000078780000,  -0.16000,
,,,0.000078800000,  -0.17600,
,,,0.000078820000,  -0.15200,
,,,0.000078840000,  -0.13600,
,,,0.000078860000,  -0.13600,
,,,0.000078880000,  -0.15200,
,,,0.000078900000,  -0.16000,
,,,0.000078920000,  -0.17600,
,,,0.000078940000,  -0.14400,
,,,0.000078960000,  -0.16800,
,,,0.000078980000,  -0.16800,
,,,0.000079000000,  -0.12800,
,,,0.000079020000,  -0.16800,
,,,0.000079040000,  -0.14400,
,,,0.000079060000,  -0.17600,
,,,0.000079080000,  -0.16000,
,,,0.000079100000,  -0.17600,
,,,0.000079120000,  -0.17600,
,,,0.000079140000,  -0.19200,
,,,0.000079160000,  -0.19200,
,,,0.000079180000,  -0.18400,
,,,0.000079200000,  -0.19200,
,,,0.000079220000,  -0.15200,
,,,0.000079240000,  -0.16800,
,,,0.000079260000,  -0.22400,
,,,0.000079280000,  -0.16800,
,,,0.000079300000,  -0.18400,
,,,0.000079320000,  -0.20000,
,,,0.000079340000,  -0.18400,
,,,0.000079360000,  -0.15200,
,,,0.000079380000,  -0.20800,
,,,0.000079400000,  -0.19200,
,,,0.000079420000,  -0.17600,
,,,0.000079440000,  -0.16000,
,,,0.000079460000,  -0.19200,
,,,0.000079480000,  -0.20000,
,,,0.000079500000,  -0.22400,
,,,0.000079520000,  -0.20800,
,,,0.000079540000,  -0.21600,
,,,0.000079560000,  -0.22400,
,,,0.000079580000,  -0.20000,
,,,0.000079600000,  -0.20800,
,,,0.000079620000,  -0.24000,
,,,0.000079640000,  -0.21600,
,,,0.000079660000,  -0.21600,
,,,0.000079680000,  -0.19200,
,,,0.000079700000,  -0.21600,
,,,0.000079720000,  -0.22400,
,,,0.000079740000,  -0.21600,
,,,0.000079760000,  -0.22400,
,,,0.000079780000,  -0.22400,
,,,0.000079800000,  -0.24000,
,,,0.000079820000,  -0.20000,
,,,0.000079840000,  -0.23200,
,,,0.000079860000,  -0.22400,
,,,0.000079880000,  -0.23200,
,,,0.000079900000,  -0.19200,
,,,0.000079920000,  -0.18400,
,,,0.000079940000,  -0.22400,
,,,0.000079960000,  -0.24000,
,,,0.000079980000,  -0.24000,
,,,0.000080000000,  -0.23200,
,,,0.000080020000,  -0.22400,
,,,0.000080040000,  -0.24800,
,,,0.000080060000,  -0.20800,
,,,0.000080080000,  -0.22400,
,,,0.000080100000,  -0.20800,
,,,0.000080120000,  -0.25600,
,,,0.000080140000,  -0.24800,
,,,0.000080160000,  -0.24000,
,,,0.000080180000,  -0.23200,
,,,0.000080200000,  -0.20000,
,,,0.000080220000,  -0.24800,
,,,0.000080240000,  -0.26400,
,,,0.000080260000,  -0.24800,
,,,0.000080280000,  -0.24800,
,,,0.000080300000,  -0.24000,
,,,0.000080320000,  -0.22400,
,,,0.000080340000,  -0.24000,
,,,0.000080360000,  -0.24800,
,,,0.000080380000,  -0.23200,
,,,0.000080400000,  -0.24000,
,,,0.000080420000,  -0.24800,
,,,0.000080440000,  -0.23200,
,,,0.000080460000,  -0.25600,
,,,0.000080480000,  -0.24000,
,,,0.000080500000,  -0.24800,
,,,0.000080520000,  -0.28000,
,,,0.000080540000,  -0.28800,
,,,0.000080560000,  -0.23200,
,,,0.000080580000,  -0.28000,
,,,0.000080600000,  -0.24000,
,,,0.000080620000,  -0.28000,
,,,0.000080640000,  -0.25600,
,,,0.000080660000,  -0.27200,
,,,0.000080680000,  -0.25600,
,,,0.000080700000,  -0.27200,
,,,0.000080720000,  -0.22400,
,,,0.000080740000,  -0.26400,
,,,0.000080760000,  -0.24800,
,,,0.000080780000,  -0.26400,
,,,0.000080800000,  -0.27200,
,,,0.000080820000,  -0.22400,
,,,0.000080840000,  -0.25600,
,,,0.000080860000,  -0.27200,
,,,0.000080880000,  -0.28000,
,,,0.000080900000,  -0.25600,
,,,0.000080920000,  -0.21600,
,,,0.000080940000,  -0.24800,
,,,0.000080960000,  -0.26400,
,,,0.000080980000,  -0.24800,
,,,0.000081000000,  -0.25600,
,,,0.000081020000,  -0.25600,
,,,0.000081040000,  -0.25600,
,,,0.000081060000,  -0.27200,
,,,0.000081080000,  -0.26400,
,,,0.000081100000,  -0.27200,
,,,0.000081120000,  -0.23200,
,,,0.000081140000,  -0.29600,
,,,0.000081160000,  -0.24800,
,,,0.000081180000,  -0.24800,
,,,0.000081200000,  -0.29600,
,,,0.000081220000,  -0.24800,
,,,0.000081240000,  -0.26400,
,,,0.000081260000,  -0.25600,
,,,0.000081280000,  -0.21600,
,,,0.000081300000,  -0.24000,
,,,0.000081320000,  -0.25600,
,,,0.000081340000,  -0.24800,
,,,0.000081360000,  -0.27200,
,,,0.000081380000,  -0.28000,
,,,0.000081400000,  -0.23200,
,,,0.000081420000,  -0.26400,
,,,0.000081440000,  -0.25600,
,,,0.000081460000,  -0.26400,
,,,0.000081480000,  -0.24800,
,,,0.000081500000,  -0.24000,
,,,0.000081520000,  -0.24000,
,,,0.000081540000,  -0.24800,
,,,0.000081560000,  -0.25600,
,,,0.000081580000,  -0.21600,
,,,0.000081600000,  -0.26400,
,,,0.000081620000,  -0.24800,
,,,0.000081640000,  -0.30400,
,,,0.000081660000,  -0.26400,
,,,0.000081680000,  -0.20800,
,,,0.000081700000,  -0.22400,
,,,0.000081720000,  -0.22400,
,,,0.000081740000,  -0.23200,
,,,0.000081760000,  -0.25600,
,,,0.000081780000,  -0.25600,
,,,0.000081800000,  -0.23200,
,,,0.000081820000,  -0.24000,
,,,0.000081840000,  -0.26400,
,,,0.000081860000,  -0.23200,
,,,0.000081880000,  -0.24800,
,,,0.000081900000,  -0.26400,
,,,0.000081920000,  -0.26400,
,,,0.000081940000,  -0.25600,
,,,0.000081960000,  -0.27200,
,,,0.000081980000,  -0.25600,
,,,0.000082000000,  -0.25600,
,,,0.000082020000,  -0.24800,
,,,0.000082040000,  -0.23200,
,,,0.000082060000,  -0.25600,
,,,0.000082080000,  -0.24000,
,,,0.000082100000,  -0.24000,
,,,0.000082120000,  -0.23200,
,,,0.000082140000,  -0.23200,
,,,0.000082160000,  -0.24000,
,,,0.000082180000,  -0.23200,
,,,0.000082200000,  -0.23200,
,,,0.000082220000,  -0.23200,
,,,0.000082240000,  -0.25600,
,,,0.000082260000,  -0.22400,
,,,0.000082280000,  -0.22400,
,,,0.000082300000,  -0.20800,
,,,0.000082320000,  -0.22400,
,,,0.000082340000,  -0.20800,
,,,0.000082360000,  -0.24000,
,,,0.000082380000,  -0.23200,
,,,0.000082400000,  -0.21600,
,,,0.000082420000,  -0.21600,
,,,0.000082440000,  -0.20000,
,,,0.000082460000,  -0.22400,
,,,0.000082480000,  -0.20000,
,,,0.000082500000,  -0.23200,
,,,0.000082520000,  -0.23200,
,,,0.000082540000,  -0.23200,
,,,0.000082560000,  -0.25600,
,,,0.000082580000,  -0.22400,
,,,0.000082600000,  -0.23200,
,,,0.000082620000,  -0.23200,
,,,0.000082640000,  -0.20000,
,,,0.000082660000,  -0.20000,
,,,0.000082680000,  -0.21600,
,,,0.000082700000,  -0.23200,
,,,0.000082720000,  -0.20800,
,,,0.000082740000,  -0.20800,
,,,0.000082760000,  -0.23200,
,,,0.000082780000,  -0.24000,
,,,0.000082800000,  -0.22400,
,,,0.000082820000,  -0.18400,
,,,0.000082840000,  -0.19200,
,,,0.000082860000,  -0.19200,
,,,0.000082880000,  -0.20800,
,,,0.000082900000,  -0.20000,
,,,0.000082920000,  -0.23200,
,,,0.000082940000,  -0.20800,
,,,0.000082960000,  -0.22400,
,,,0.000082980000,  -0.20000,
,,,0.000083000000,  -0.21600,
,,,0.000083020000,  -0.18400,
,,,0.000083040000,  -0.20800,
,,,0.000083060000,  -0.20800,
,,,0.000083080000,  -0.20000,
,,,0.000083100000,  -0.19200,
,,,0.000083120000,  -0.23200,
,,,0.000083140000,  -0.19200,
,,,0.000083160000,  -0.20800,
,,,0.000083180000,  -0.17600,
,,,0.000083200000,  -0.20000,
,,,0.000083220000,  -0.23200,
,,,0.000083240000,  -0.21600,
,,,0.000083260000,  -0.18400,
,,,0.000083280000,  -0.20000,
,,,0.000083300000,  -0.19200,
,,,0.000083320000,  -0.20000,
,,,0.000083340000,  -0.18400,
,,,0.000083360000,  -0.20000,
,,,0.000083380000,  -0.17600,
,,,0.000083400000,  -0.20800,
,,,0.000083420000,  -0.21600,
,,,0.000083440000,  -0.20800,
,,,0.000083460000,  -0.21600,
,,,0.000083480000,  -0.20800,
,,,0.000083500000,  -0.20000,
,,,0.000083520000,  -0.17600,
,,,0.000083540000,  -0.18400,
,,,0.000083560000,  -0.16800,
,,,0.000083580000,  -0.20800,
,,,0.000083600000,  -0.19200,
,,,0.000083620000,  -0.17600,
,,,0.000083640000,  -0.19200,
,,,0.000083660000,  -0.19200,
,,,0.000083680000,  -0.18400,
,,,0.000083700000,  -0.21600,
,,,0.000083720000,  -0.18400,
,,,0.000083740000,  -0.16800,
,,,0.000083760000,  -0.18400,
,,,0.000083780000,  -0.16800,
,,,0.000083800000,  -0.17600,
,,,0.000083820000,  -0.16800,
,,,0.000083840000,  -0.20000,
,,,0.000083860000,  -0.18400,
,,,0.000083880000,  -0.17600,
,,,0.000083900000,  -0.15200,
,,,0.000083920000,  -0.17600,
,,,0.000083940000,  -0.19200,
,,,0.000083960000,  -0.14400,
,,,0.000083980000,  -0.17600,
,,,0.000084000000,  -0.14400,
,,,0.000084020000,  -0.14400,
,,,0.000084040000,  -0.20000,
,,,0.000084060000,  -0.17600,
,,,0.000084080000,  -0.16800,
,,,0.000084100000,  -0.15200,
,,,0.000084120000,  -0.17600,
,,,0.000084140000,  -0.12000,
,,,0.000084160000,  -0.16000,
,,,0.000084180000,  -0.15200,
,,,0.000084200000,  -0.15200,
,,,0.000084220000,  -0.13600,
,,,0.000084240000,  -0.15200,
,,,0.000084260000,  -0.14400,
,,,0.000084280000,  -0.15200,
,,,0.000084300000,  -0.14400,
,,,0.000084320000,  -0.17600,
,,,0.000084340000,  -0.14400,
,,,0.000084360000,  -0.16800,
,,,0.000084380000,  -0.15200,
,,,0.000084400000,  -0.15200,
,,,0.000084420000,  -0.16800,
,,,0.000084440000,  -0.16000,
,,,0.000084460000,  -0.15200,
,,,0.000084480000,  -0.13600,
,,,0.000084500000,  -0.16800,
,,,0.000084520000,  -0.14400,
,,,0.000084540000,  -0.16800,
,,,0.000084560000,  -0.12800,
,,,0.000084580000,  -0.14400,
,,,0.000084600000,  -0.16000,
,,,0.000084620000,  -0.15200,
,,,0.000084640000,  -0.12800,
,,,0.000084660000,  -0.12000,
,,,0.000084680000,  -0.12000,
,,,0.000084700000,  -0.15200,
,,,0.000084720000,  -0.14400,
,,,0.000084740000,  -0.13600,
,,,0.000084760000,  -0.15200,
,,,0.000084780000,  -0.12800,
,,,0.000084800000,  -0.12800,
,,,0.000084820000,  -0.16000,
,,,0.000084840000,  -0.13600,
,,,0.000084860000,  -0.11200,
,,,0.000084880000,  -0.12800,
,,,0.000084900000,  -0.13600,
,,,0.000084920000,  -0.12800,
,,,0.000084940000,  -0.15200,
,,,0.000084960000,  -0.12800,
,,,0.000084980000,  -0.13600,
,,,0.000085000000,  -0.15200,
,,,0.000085020000,  -0.13600,
,,,0.000085040000,  -0.16000,
,,,0.000085060000,  -0.12800,
,,,0.000085080000,  -0.12800,
,,,0.000085100000,  -0.13600,
,,,0.000085120000,  -0.12800,
,,,0.000085140000,  -0.11200,
,,,0.000085160000,  -0.12800,
,,,0.000085180000,  -0.11200,
,,,0.000085200000,  -0.12000,
,,,0.000085220000,  -0.10400,
,,,0.000085240000,  -0.12000,
,,,0.000085260000,  -0.11200,
,,,0.000085280000,  -0.12000,
,,,0.000085300000,  -0.12000,
,,,0.000085320000,  -0.12000,
,,,0.000085340000,  -0.11200,
,,,0.000085360000,  -0.10400,
,,,0.000085380000,  -0.08000,
,,,0.000085400000,  -0.11200,
,,,0.000085420000,  -0.11200,
,,,0.000085440000,  -0.10400,
,,,0.000085460000,  -0.11200,
,,,0.000085480000,  -0.10400,
,,,0.000085500000,  -0.08800,
,,,0.000085520000,  -0.09600,
,,,0.000085540000,  -0.11200,
,,,0.000085560000,  -0.08800,
,,,0.000085580000,  -0.08800,
,,,0.000085600000,  -0.10400,
,,,0.000085620000,  -0.10400,
,,,0.000085640000,  -0.11200,
,,,0.000085660000,  -0.10400,
,,,0.000085680000,  -0.09600,
,,,0.000085700000,  -0.11200,
,,,0.000085720000,  -0.10400,
,,,0.000085740000,  -0.10400,
,,,0.000085760000,  -0.09600,
,,,0.000085780000,  -0.09600,
,,,0.000085800000,  -0.10400,
,,,0.000085820000,  -0.08800,
,,,0.000085840000,  -0.12000,
,,,0.000085860000,  -0.09600,
,,,0.000085880000,  -0.08000,
,,,0.000085900000,  -0.10400,
,,,0.000085920000,  -0.10400,
,,,0.000085940000,  -0.10400,
,,,0.000085960000,  -0.09600,
,,,0.000085980000,  -0.12000,
,,,0.000086000000,  -0.06400,
,,,0.000086020000,  -0.08000,
,,,0.000086040000,  -0.09600,
,,,0.000086060000,  -0.09600,
,,,0.000086080000,  -0.08800,
,,,0.000086100000,  -0.09600,
,,,0.000086120000,  -0.06400,
,,,0.000086140000,  -0.08000,
,,,0.000086160000,  -0.05600,
,,,0.000086180000,  -0.08800,
,,,0.000086200000,  -0.10400,
,,,0.000086220000,  -0.08800,
,,,0.000086240000,  -0.10400,
,,,0.000086260000,  -0.11200,
,,,0.000086280000,  -0.07200,
,,,0.000086300000,  -0.08800,
,,,0.000086320000,  -0.09600,
,,,0.000086340000,  -0.07200,
,,,0.000086360000,  -0.08800,
,,,0.000086380000,  -0.08800,
,,,0.000086400000,  -0.08800,
,,,0.000086420000,  -0.11200,
,,,0.000086440000,  -0.11200,
,,,0.000086460000,  -0.11200,
,,,0.000086480000,  -0.08000,
,,,0.000086500000,  -0.09600,
,,,0.000086520000,  -0.08800,
,,,0.000086540000,  -0.08800,
,,,0.000086560000,  -0.08800,
,,,0.000086580000,  -0.06400,
,,,0.000086600000,  -0.08800,
,,,0.000086620000,  -0.09600,
,,,0.000086640000,  -0.05600,
,,,0.000086660000,  -0.08800,
,,,0.000086680000,  -0.10400,
,,,0.000086700000,  -0.07200,
,,,0.000086720000,  -0.05600,
,,,0.000086740000,  -0.08000,
,,,0.000086760000,  -0.10400,
,,,0.000086780000,  -0.12000,
,,,0.000086800000,  -0.04800,
,,,0.000086820000,  -0.04800,
,,,0.000086840000,  -0.09600,
,,,0.000086860000,  -0.08800,
,,,0.000086880000,  -0.08800,
,,,0.000086900000,  -0.06400,
,,,0.000086920000,  -0.10400,
,,,0.000086940000,  -0.08000,
,,,0.000086960000,  -0.10400,
,,,0.000086980000,  -0.10400,
,,,0.000087000000,  -0.06400,
,,,0.000087020000,  -0.08000,
,,,0.000087040000,  -0.08800,
,,,0.000087060000,  -0.06400,
,,,0.000087080000,  -0.11200,
,,,0.000087100000,  -0.06400,
,,,0.000087120000,  -0.06400,
,,,0.000087140000,  -0.06400,
,,,0.000087160000,  -0.08800,
,,,0.000087180000,  -0.10400,
,,,0.000087200000,  -0.07200,
,,,0.000087220000,  -0.07200,
,,,0.000087240000,  -0.05600,
,,,0.000087260000,  -0.08800,
,,,0.000087280000,  -0.07200,
,,,0.000087300000,  -0.09600,
,,,0.000087320000,  -0.05600,
,,,0.000087340000,  -0.05600,
,,,0.000087360000,  -0.10400,
,,,0.000087380000,  -0.09600,
,,,0.000087400000,  -0.06400,
,,,0.000087420000,  -0.09600,
,,,0.000087440000,  -0.06400,
,,,0.000087460000,  -0.09600,
,,,0.000087480000,  -0.08000,
,,,0.000087500000,  -0.07200,
,,,0.000087520000,  -0.08800,
,,,0.000087540000,  -0.08000,
,,,0.000087560000,  -0.10400,
,,,0.000087580000,  -0.08000,
,,,0.000087600000,  -0.08000,
,,,0.000087620000,  -0.09600,
,,,0.000087640000,  -0.07200,
,,,0.000087660000,  -0.11200,
,,,0.000087680000,  -0.08800,
,,,0.000087700000,  -0.10400,
,,,0.000087720000,  -0.10400,
,,,0.000087740000,  -0.09600,
,,,0.000087760000,  -0.08000,
,,,0.000087780000,  -0.10400,
,,,0.000087800000,  -0.09600,
,,,0.000087820000,  -0.06400,
,,,0.000087840000,  -0.11200,
,,,0.000087860000,  -0.08000,
,,,0.000087880000,  -0.09600,
,,,0.000087900000,  -0.08800,
,,,0.000087920000,  -0.05600,
,,,0.000087940000,  -0.10400,
,,,0.000087960000,  -0.11200,
,,,0.000087980000,  -0.08000,
,,,0.000088000000,  -0.11200,
,,,0.000088020000,  -0.12000,
,,,0.000088040000,  -0.09600,
,,,0.000088060000,  -0.09600,
,,,0.000088080000,  -0.12800,
,,,0.000088100000,  -0.09600,
,,,0.000088120000,  -0.10400,
,,,0.000088140000,  -0.10400,
,,,0.000088160000,  -0.14400,
,,,0.000088180000,  -0.10400,
,,,0.000088200000,  -0.11200,
,,,0.000088220000,  -0.12800,
,,,0.000088240000,  -0.13600,
,,,0.000088260000,  -0.13600,
,,,0.000088280000,  -0.12000,
,,,0.000088300000,  -0.08800,
,,,0.000088320000,  -0.08000,
,,,0.000088340000,  -0.09600,
,,,0.000088360000,  -0.13600,
,,,0.000088380000,  -0.11200,
,,,0.000088400000,  -0.11200,
,,,0.000088420000,  -0.12800,
,,,0.000088440000,  -0.15200,
,,,0.000088460000,  -0.12800,
,,,0.000088480000,  -0.12800,
,,,0.000088500000,  -0.13600,
,,,0.000088520000,  -0.13600,
,,,0.000088540000,  -0.10400,
,,,0.000088560000,  -0.15200,
,,,0.000088580000,  -0.13600,
,,,0.000088600000,  -0.13600,
,,,0.000088620000,  -0.13600,
,,,0.000088640000,  -0.09600,
,,,0.000088660000,  -0.12000,
,,,0.000088680000,  -0.13600,
,,,0.000088700000,  -0.12800,
,,,0.000088720000,  -0.11200,
,,,0.000088740000,  -0.12000,
,,,0.000088760000,  -0.12800,
,,,0.000088780000,  -0.12800,
,,,0.000088800000,  -0.12000,
,,,0.000088820000,  -0.14400,
,,,0.000088840000,  -0.13600,
,,,0.000088860000,  -0.13600,
,,,0.000088880000,  -0.13600,
,,,0.000088900000,  -0.14400,
,,,0.000088920000,  -0.09600,
,,,0.000088940000,  -0.16800,
,,,0.000088960000,  -0.13600,
,,,0.000088980000,  -0.13600,
,,,0.000089000000,  -0.14400,
,,,0.000089020000,  -0.14400,
,,,0.000089040000,  -0.16000,
,,,0.000089060000,  -0.16800,
,,,0.000089080000,  -0.16800,
,,,0.000089100000,  -0.16800,
,,,0.000089120000,  -0.16800,
,,,0.000089140000,  -0.17600,
,,,0.000089160000,  -0.16000,
,,,0.000089180000,  -0.16000,
,,,0.000089200000,  -0.19200,
,,,0.000089220000,  -0.17600,
,,,0.000089240000,  -0.17600,
,,,0.000089260000,  -0.12800,
,,,0.000089280000,  -0.17600,
,,,0.000089300000,  -0.15200,
,,,0.000089320000,  -0.13600,
,,,0.000089340000,  -0.18400,
,,,0.000089360000,  -0.17600,
,,,0.000089380000,  -0.20000,
,,,0.000089400000,  -0.19200,
,,,0.000089420000,  -0.16800,
,,,0.000089440000,  -0.16800,
,,,0.000089460000,  -0.19200,
,,,0.000089480000,  -0.17600,
,,,0.000089500000,  -0.16000,
,,,0.000089520000,  -0.16800,
,,,0.000089540000,  -0.18400,
,,,0.000089560000,  -0.20800,
,,,0.000089580000,  -0.20000,
,,,0.000089600000,  -0.17600,
,,,0.000089620000,  -0.20000,
,,,0.000089640000,  -0.14400,
,,,0.000089660000,  -0.17600,
,,,0.000089680000,  -0.21600,
,,,0.000089700000,  -0.20000,
,,,0.000089720000,  -0.20800,
,,,0.000089740000,  -0.20800,
,,,0.000089760000,  -0.23200,
,,,0.000089780000,  -0.16800,
,,,0.000089800000,  -0.20000,
,,,0.000089820000,  -0.21600,
,,,0.000089840000,  -0.21600,
,,,0.000089860000,  -0.20000,
,,,0.000089880000,  -0.21600,
,,,0.000089900000,  -0.21600,
,,,0.000089920000,  -0.18400,
,,,0.000089940000,  -0.20000,
,,,0.000089960000,  -0.20800,
,,,0.000089980000,  -0.22400,
,,,0.000090000000,  -0.16800,
,,,0.000090020000,  -0.18400,
,,,0.000090040000,  -0.21600,
,,,0.000090060000,  -0.20800,
,,,0.000090080000,  -0.21600,
,,,0.000090100000,  -0.22400,
,,,0.000090120000,  -0.21600,
,,,0.000090140000,  -0.22400,
,,,0.000090160000,  -0.21600,
,,,0.000090180000,  -0.24000,
,,,0.000090200000,  -0.21600,
,,,0.000090220000,  -0.20000,
,,,0.000090240000,  -0.20800,
,,,0.000090260000,  -0.20000,
,,,0.000090280000,  -0.21600,
,,,0.000090300000,  -0.24000,
,,,0.000090320000,  -0.20800,
,,,0.000090340000,  -0.24800,
,,,0.000090360000,  -0.24000,
,,,0.000090380000,  -0.24000,
,,,0.000090400000,  -0.24800,
,,,0.000090420000,  -0.24800,
,,,0.000090440000,  -0.22400,
,,,0.000090460000,  -0.23200,
,,,0.000090480000,  -0.22400,
,,,0.000090500000,  -0.24000,
,,,0.000090520000,  -0.22400,
,,,0.000090540000,  -0.25600,
,,,0.000090560000,  -0.28000,
,,,0.000090580000,  -0.24800,
,,,0.000090600000,  -0.27200,
,,,0.000090620000,  -0.22400,
,,,0.000090640000,  -0.22400,
,,,0.000090660000,  -0.24800,
,,,0.000090680000,  -0.23200,
,,,0.000090700000,  -0.26400,
,,,0.000090720000,  -0.24800,
,,,0.000090740000,  -0.24800,
,,,0.000090760000,  -0.26400,
,,,0.000090780000,  -0.27200,
,,,0.000090800000,  -0.24800,
,,,0.000090820000,  -0.27200,
,,,0.000090840000,  -0.23200,
,,,0.000090860000,  -0.28800,
,,,0.000090880000,  -0.21600,
,,,0.000090900000,  -0.26400,
,,,0.000090920000,  -0.28800,
,,,0.000090940000,  -0.23200,
,,,0.000090960000,  -0.26400,
,,,0.000090980000,  -0.24800,
,,,0.000091000000,  -0.24800,
,,,0.000091020000,  -0.26400,
,,,0.000091040000,  -0.26400,
,,,0.000091060000,  -0.24800,
,,,0.000091080000,  -0.26400,
,,,0.000091100000,  -0.24800,
,,,0.000091120000,  -0.26400,
,,,0.000091140000,  -0.26400,
,,,0.000091160000,  -0.24000,
,,,0.000091180000,  -0.25600,
,,,0.000091200000,  -0.27200,
,,,0.000091220000,  -0.28000,
,,,0.000091240000,  -0.22400,
,,,0.000091260000,  -0.26400,
,,,0.000091280000,  -0.26400,
,,,0.000091300000,  -0.24800,
,,,0.000091320000,  -0.27200,
,,,0.000091340000,  -0.27200,
,,,0.000091360000,  -0.25600,
,,,0.000091380000,  -0.28800,
,,,0.000091400000,  -0.27200,
,,,0.000091420000,  -0.24800,
,,,0.000091440000,  -0.24800,
,,,0.000091460000,  -0.25600,
,,,0.000091480000,  -0.28000,
,,,0.000091500000,  -0.25600,
,,,0.000091520000,  -0.24000,
,,,0.000091540000,  -0.27200,
,,,0.000091560000,  -0.27200,
,,,0.000091580000,  -0.28800,
,,,0.000091600000,  -0.25600,
,,,0.000091620000,  -0.27200,
,,,0.000091640000,  -0.23200,
,,,0.000091660000,  -0.22400,
,,,0.000091680000,  -0.27200,
,,,0.000091700000,  -0.25600,
,,,0.000091720000,  -0.23200,
,,,0.000091740000,  -0.23200,
,,,0.000091760000,  -0.23200,
,,,0.000091780000,  -0.22400,
,,,0.000091800000,  -0.24000,
,,,0.000091820000,  -0.24800,
,,,0.000091840000,  -0.24000,
,,,0.000091860000,  -0.25600,
,,,0.000091880000,  -0.25600,
,,,0.000091900000,  -0.26400,
,,,0.000091920000,  -0.23200,
,,,0.000091940000,  -0.22400,
,,,0.000091960000,  -0.25600,
,,,0.000091980000,  -0.25600,
,,,0.000092000000,  -0.21600,
,,,0.000092020000,  -0.24000,
,,,0.000092040000,  -0.21600,
,,,0.000092060000,  -0.20800,
,,,0.000092080000,  -0.24000,
,,,0.000092100000,  -0.25600,
,,,0.000092120000,  -0.24000,
,,,0.000092140000,  -0.24800,
,,,0.000092160000,  -0.23200,
,,,0.000092180000,  -0.23200,
,,,0.000092200000,  -0.21600,
,,,0.000092220000,  -0.23200,
,,,0.000092240000,  -0.27200,
,,,0.000092260000,  -0.24000,
,,,0.000092280000,  -0.27200,
,,,0.000092300000,  -0.24800,
,,,0.000092320000,  -0.24000,
,,,0.000092340000,  -0.24800,
,,,0.000092360000,  -0.25600,
,,,0.000092380000,  -0.22400,
,,,0.000092400000,  -0.19200,
,,,0.000092420000,  -0.23200,
,,,0.000092440000,  -0.22400,
,,,0.000092460000,  -0.24800,
,,,0.000092480000,  -0.27200,
,,,0.000092500000,  -0.21600,
,,,0.000092520000,  -0.21600,
,,,0.000092540000,  -0.20000,
,,,0.000092560000,  -0.22400,
,,,0.000092580000,  -0.24800,
,,,0.000092600000,  -0.23200,
,,,0.000092620000,  -0.26400,
,,,0.000092640000,  -0.21600,
,,,0.000092660000,  -0.21600,
,,,0.000092680000,  -0.23200,
,,,0.000092700000,  -0.20800,
,,,0.000092720000,  -0.20800,
,,,0.000092740000,  -0.22400,
,,,0.000092760000,  -0.20800,
,,,0.000092780000,  -0.20800,
,,,0.000092800000,  -0.24800,
,,,0.000092820000,  -0.20800,
,,,0.000092840000,  -0.21600,
,,,0.000092860000,  -0.20800,
,,,0.000092880000,  -0.19200,
,,,0.000092900000,  -0.20000,
,,,0.000092920000,  -0.21600,
,,,0.000092940000,  -0.21600,
,,,0.000092960000,  -0.21600,
,,,0.000092980000,  -0.20800,
,,,0.000093000000,  -0.20000,
,,,0.000093020000,  -0.23200,
,,,0.000093040000,  -0.20000,
,,,0.000093060000,  -0.18400,
,,,0.000093080000,  -0.20800,
,,,0.000093100000,  -0.20000,
,,,0.000093120000,  -0.21600,
,,,0.000093140000,  -0.20800,
,,,0.000093160000,  -0.22400,
,,,0.000093180000,  -0.16800,
,,,0.000093200000,  -0.20000,
,,,0.000093220000,  -0.19200,
,,,0.000093240000,  -0.20000,
,,,0.000093260000,  -0.20800,
,,,0.000093280000,  -0.20000,
,,,0.000093300000,  -0.20800,
,,,0.000093320000,  -0.22400,
,,,0.000093340000,  -0.21600,
,,,0.000093360000,  -0.22400,
,,,0.000093380000,  -0.18400,
,,,0.000093400000,  -0.20800,
,,,0.000093420000,  -0.20800,
,,,0.000093440000,  -0.16800,
,,,0.000093460000,  -0.17600,
,,,0.000093480000,  -0.17600,
,,,0.000093500000,  -0.19200,
,,,0.000093520000,  -0.20800,
,,,0.000093540000,  -0.20000,
,,,0.000093560000,  -0.16800,
,,,0.000093580000,  -0.17600,
,,,0.000093600000,  -0.16800,
,,,0.000093620000,  -0.17600,
,,,0.000093640000,  -0.17600,
,,,0.000093660000,  -0.18400,
,,,0.000093680000,  -0.18400,
,,,0.000093700000,  -0.17600,
,,,0.000093720000,  -0.19200,
,,,0.000093740000,  -0.21600,
,,,0.000093760000,  -0.18400,
,,,0.000093780000,  -0.20000,
,,,0.000093800000,  -0.18400,
,,,0.000093820000,  -0.16800,
,,,0.000093840000,  -0.19200,
,,,0.000093860000,  -0.17600,
,,,0.000093880000,  -0.20800,
,,,0.000093900000,  -0.20000,
,,,0.000093920000,  -0.20000,
,,,0.000093940000,  -0.21600,
,,,0.000093960000,  -0.16800,
,,,0.000093980000,  -0.16800,
,,,0.000094000000,  -0.16800,
,,,0.000094020000,  -0.15200,
,,,0.000094040000,  -0.18400,
,,,0.000094060000,  -0.19200,
,,,0.000094080000,  -0.15200,
,,,0.000094100000,  -0.17600,
,,,0.000094120000,  -0.16000,
,,,0.000094140000,  -0.15200,
,,,0.000094160000,  -0.17600,
,,,0.000094180000,  -0.14400,
,,,0.000094200000,  -0.16000,
,,,0.000094220000,  -0.17600,
,,,0.000094240000,  -0.16800,
,,,0.000094260000,  -0.18400,
,,,0.000094280000,  -0.15200,
,,,0.000094300000,  -0.17600,
,,,0.000094320000,  -0.18400,
,,,0.000094340000,  -0.15200,
,,,0.000094360000,  -0.17600,
,,,0.000094380000,  -0.16000,
,,,0.000094400000,  -0.17600,
,,,0.000094420000,  -0.16000,
,,,0.000094440000,  -0.16800,
,,,0.000094460000,  -0.15200,
,,,0.000094480000,  -0.18400,
,,,0.000094500000,  -0.15200,
,,,0.000094520000,  -0.15200,
,,,0.000094540000,  -0.16000,
,,,0.000094560000,  -0.15200,
,,,0.000094580000,  -0.13600,
,,,0.000094600000,  -0.12800,
,,,0.000094620000,  -0.16800,
,,,0.000094640000,  -0.16800,
,,,0.000094660000,  -0.16000,
,,,0.000094680000,  -0.13600,
,,,0.000094700000,  -0.16000,
,,,0.000094720000,  -0.16000,
,,,0.000094740000,  -0.16000,
,,,0.000094760000,  -0.16000,
,,,0.000094780000,  -0.14400,
,,,0.000094800000,  -0.15200,
,,,0.000094820000,  -0.15200,
,,,0.000094840000,  -0.13600,
,,,0.000094860000,  -0.13600,
,,,0.000094880000,  -0.13600,
,,,0.000094900000,  -0.13600,
,,,0.000094920000,  -0.12800,
,,,0.000094940000,  -0.11200,
,,,0.000094960000,  -0.15200,
,,,0.000094980000,  -0.15200,
,,,0.000095000000,  -0.13600,
,,,0.000095020000,  -0.12800,
,,,0.000095040000,  -0.16800,
,,,0.000095060000,  -0.12800,
,,,0.000095080000,  -0.14400,
,,,0.000095100000,  -0.13600,
,,,0.000095120000,  -0.12000,
,,,0.000095140000,  -0.12800,
,,,0.000095160000,  -0.16000,
,,,0.000095180000,  -0.13600,
,,,0.000095200000,  -0.10400,
,,,0.000095220000,  -0.14400,
,,,0.000095240000,  -0.12000,
,,,0.000095260000,  -0.11200,
,,,0.000095280000,  -0.13600,
,,,0.000095300000,  -0.13600,
,,,0.000095320000,  -0.12800,
,,,0.000095340000,  -0.12800,
,,,0.000095360000,  -0.11200,
,,,0.000095380000,  -0.13600,
,,,0.000095400000,  -0.13600,
,,,0.000095420000,  -0.13600,
,,,0.000095440000,  -0.13600,
,,,0.000095460000,  -0.12800,
,,,0.000095480000,  -0.12800,
,,,0.000095500000,  -0.12800,
,,,0.000095520000,  -0.14400,
,,,0.000095540000,  -0.10400,
,,,0.000095560000,  -0.11200,
,,,0.000095580000,  -0.12000,
,,,0.000095600000,  -0.12000,
,,,0.000095620000,  -0.12800,
,,,0.000095640000,  -0.14400,
,,,0.000095660000,  -0.12800,
,,,0.000095680000,  -0.10400,
,,,0.000095700000,  -0.09600,
,,,0.000095720000,  -0.11200,
,,,0.000095740000,  -0.09600,
,,,0.000095760000,  -0.08800,
,,,0.000095780000,  -0.09600,
,,,0.000095800000,  -0.13600,
,,,0.000095820000,  -0.12000,
,,,0.000095840000,  -0.10400,
,,,0.000095860000,  -0.09600,
,,,0.000095880000,  -0.12000,
,,,0.000095900000,  -0.13600,
,,,0.000095920000,  -0.08000,
,,,0.000095940000,  -0.11200,
,,,0.000095960000,  -0.10400,
,,,0.000095980000,  -0.13600,
,,,0.000096000000,  -0.10400,
,,,0.000096020000,  -0.10400,
,,,0.000096040000,  -0.11200,
,,,0.000096060000,  -0.10400,
,,,0.000096080000,  -0.08800,
,,,0.000096100000,  -0.13600,
,,,0.000096120000,  -0.10400,
,,,0.000096140000,  -0.07200,
,,,0.000096160000,  -0.13600,
,,,0.000096180000,  -0.11200,
,,,0.000096200000,  -0.12000,
,,,0.000096220000,  -0.12000,
,,,0.000096240000,  -0.09600,
,,,0.000096260000,  -0.11200,
,,,0.000096280000,  -0.10400,
,,,0.000096300000,  -0.10400,
,,,0.000096320000,  -0.09600,
,,,0.000096340000,  -0.09600,
,,,0.000096360000,  -0.10400,
,,,0.000096380000,  -0.09600,
,,,0.000096400000,  -0.11200,
,,,0.000096420000,  -0.09600,
,,,0.000096440000,  -0.10400,
,,,0.000096460000,  -0.08800,
,,,0.000096480000,  -0.11200,
,,,0.000096500000,  -0.08000,
,,,0.000096520000,  -0.08000,
,,,0.000096540000,  -0.10400,
,,,0.000096560000,  -0.08800,
,,,0.000096580000,  -0.10400,
,,,0.000096600000,  -0.08800,
,,,0.000096620000,  -0.12000,
,,,0.000096640000,  -0.08800,
,,,0.000096660000,  -0.06400,
,,,0.000096680000,  -0.11200,
,,,0.000096700000,  -0.11200,
,,,0.000096720000,  -0.11200,
,,,0.000096740000,  -0.08800,
,,,0.000096760000,  -0.10400,
,,,0.000096780000,  -0.11200,
,,,0.000096800000,  -0.11200,
,,,0.000096820000,  -0.07200,
,,,0.000096840000,  -0.10400,
,,,0.000096860000,  -0.06400,
,,,0.000096880000,  -0.09600,
,,,0.000096900000,  -0.06400,
,,,0.000096920000,  -0.08000,
,,,0.000096940000,  -0.08000,
,,,0.000096960000,  -0.06400,
,,,0.000096980000,  -0.10400,
,,,0.000097000000,  -0.09600,
,,,0.000097020000,  -0.05600,
,,,0.000097040000,  -0.05600,
,,,0.000097060000,  -0.08000,
,,,0.000097080000,  -0.11200,
,,,0.000097100000,  -0.08800,
,,,0.000097120000,  -0.05600,
,,,0.000097140000,  -0.08800,
,,,0.000097160000,  -0.06400,
,,,0.000097180000,  -0.10400,
,,,0.000097200000,  -0.09600,
,,,0.000097220000,  -0.12800,
,,,0.000097240000,  -0.09600,
,,,0.000097260000,  -0.11200,
,,,0.000097280000,  -0.08000,
,,,0.000097300000,  -0.05600,
,,,0.000097320000,  -0.07200,
,,,0.000097340000,  -0.09600,
,,,0.000097360000,  -0.07200,
,,,0.000097380000,  -0.08800,
,,,0.000097400000,  -0.10400,
,,,0.000097420000,  -0.12000,
,,,0.000097440000,  -0.06400,
,,,0.000097460000,  -0.08800,
,,,0.000097480000,  -0.08000,
,,,0.000097500000,  -0.08800,
,,,0.000097520000,  -0.12800,
,,,0.000097540000,  -0.08800,
,,,0.000097560000,  -0.06400,
,,,0.000097580000,  -0.07200,
,,,0.000097600000,  -0.09600,
,,,0.000097620000,  -0.07200,
,,,0.000097640000,  -0.13600,
,,,0.000097660000,  -0.07200,
,,,0.000097680000,  -0.09600,
,,,0.000097700000,  -0.09600,
,,,0.000097720000,  -0.08800,
,,,0.000097740000,  -0.08800,
,,,0.000097760000,  -0.07200,
,,,0.000097780000,  -0.08000,
,,,0.000097800000,  -0.08800,
,,,0.000097820000,  -0.08000,
,,,0.000097840000,  -0.06400,
,,,0.000097860000,  -0.11200,
,,,0.000097880000,  -0.11200,
,,,0.000097900000,  -0.09600,
,,,0.000097920000,  -0.10400,
,,,0.000097940000,  -0.08800,
,,,0.000097960000,  -0.12000,
,,,0.000097980000,  -0.12000,
,,,0.000098000000,  -0.09600,
,,,0.000098020000,  -0.09600,
,,,0.000098040000,  -0.08800,
,,,0.000098060000,  -0.07200,
,,,0.000098080000,  -0.12800,
,,,0.000098100000,  -0.09600,
,,,0.000098120000,  -0.11200,
,,,0.000098140000,  -0.11200,
,,,0.000098160000,  -0.08000,
,,,0.000098180000,  -0.06400,
,,,0.000098200000,  -0.11200,
,,,0.000098220000,  -0.09600,
,,,0.000098240000,  -0.09600,
,,,0.000098260000,  -0.10400,
,,,0.000098280000,  -0.11200,
,,,0.000098300000,  -0.13600,
,,,0.000098320000,  -0.11200,
,,,0.000098340000,  -0.10400,
,,,0.000098360000,  -0.12000,
,,,0.000098380000,  -0.08000,
,,,0.000098400000,  -0.08000,
,,,0.000098420000,  -0.12000,
,,,0.000098440000,  -0.10400,
,,,0.000098460000,  -0.11200,
,,,0.000098480000,  -0.09600,
,,,0.000098500000,  -0.10400,
,,,0.000098520000,  -0.10400,
,,,0.000098540000,  -0.13600,
,,,0.000098560000,  -0.11200,
,,,0.000098580000,  -0.10400,
,,,0.000098600000,  -0.12000,
,,,0.000098620000,  -0.11200,
,,,0.000098640000,  -0.13600,
,,,0.000098660000,  -0.13600,
,,,0.000098680000,  -0.12800,
,,,0.000098700000,  -0.14400,
,,,0.000098720000,  -0.08800,
,,,0.000098740000,  -0.13600,
,,,0.000098760000,  -0.12000,
,,,0.000098780000,  -0.16000,
,,,0.000098800000,  -0.10400,
,,,0.000098820000,  -0.12800,
,,,0.000098840000,  -0.11200,
,,,0.000098860000,  -0.12000,
,,,0.000098880000,  -0.15200,
,,,0.000098900000,  -0.11200,
,,,0.000098920000,  -0.12800,
,,,0.000098940000,  -0.14400,
,,,0.000098960000,  -0.12800,
,,,0.000098980000,  -0.12800,
,,,0.000099000000,  -0.12000,
,,,0.000099020000,  -0.14400,
,,,0.000099040000,  -0.12000,
,,,0.000099060000,  -0.16000,
,,,0.000099080000,  -0.14400,
,,,0.000099100000,  -0.12000,
,,,0.000099120000,  -0.15200,
,,,0.000099140000,  -0.11200,
,,,0.000099160000,  -0.13600,
,,,0.000099180000,  -0.14400,
,,,0.000099200000,  -0.12800,
,,,0.000099220000,  -0.14400,
,,,0.000099240000,  -0.16000,
,,,0.000099260000,  -0.16000,
,,,0.000099280000,  -0.17600,
,,,0.000099300000,  -0.15200,
,,,0.000099320000,  -0.16000,
,,,0.000099340000,  -0.16000,
,,,0.000099360000,  -0.18400,
,,,0.000099380000,  -0.14400,
,,,0.000099400000,  -0.16800,
,,,0.000099420000,  -0.19200,
,,,0.000099440000,  -0.17600,
,,,0.000099460000,  -0.19200,
,,,0.000099480000,  -0.19200,
,,,0.000099500000,  -0.19200,
,,,0.000099520000,  -0.14400,
,,,0.000099540000,  -0.18400,
,,,0.000099560000,  -0.16000,
,,,0.000099580000,  -0.17600,
,,,0.000099600000,  -0.20800,
,,,0.000099620000,  -0.18400,
,,,0.000099640000,  -0.14400,
,,,0.000099660000,  -0.16000,
,,,0.000099680000,  -0.16800,
,,,0.000099700000,  -0.18400,
,,,0.000099720000,  -0.19200,
,,,0.000099740000,  -0.19200,
,,,0.000099760000,  -0.19200,
,,,0.000099780000,  -0.16800,
,,,0.000099800000,  -0.18400,
,,,0.000099820000,  -0.19200,
,,,0.000099840000,  -0.18400,
,,,0.000099860000,  -0.18400,
,,,0.000099880000,  -0.20800,
,,,0.000099900000,  -0.19200,
,,,0.000099920000,  -0.18400,
,,,0.000099940000,  -0.20000,
,,,0.000099960000,  -0.22400,
,,,0.000099980000,  -0.20000,
,,,0.000100000000,  -0.19200,
,,,0.000100020000,  -0.19200,
,,,0.000100040000,  -0.20000,
,,,0.000100060000,  -0.19200,
,,,0.000100080000,  -0.24000,
,,,0.000100100000,  -0.20800,
,,,0.000100120000,  -0.21600,
,,,0.000100140000,  -0.20800,
,,,0.000100160000,  -0.20800,
,,,0.000100180000,  -0.19200,
,,,0.000100200000,  -0.20800,
,,,0.000100220000,  -0.21600,
,,,0.000100240000,  -0.20800,
,,,0.000100260000,  -0.20800,
,,,0.000100280000,  -0.20000,
,,,0.000100300000,  -0.20800,
,,,0.000100320000,  -0.22400,
,,,0.000100340000,  -0.20800,
,,,0.000100360000,  -0.24000,
,,,0.000100380000,  -0.23200,
,,,0.000100400000,  -0.22400,
,,,0.000100420000,  -0.21600,
,,,0.000100440000,  -0.24800,
,,,0.000100460000,  -0.21600,
,,,0.000100480000,  -0.25600,
,,,0.000100500000,  -0.23200,
,,,0.000100520000,  -0.18400,
,,,0.000100540000,  -0.24800,
,,,0.000100560000,  -0.23200,
,,,0.000100580000,  -0.22400,
,,,0.000100600000,  -0.22400,
,,,0.000100620000,  -0.24000,
,,,0.000100640000,  -0.24800,
,,,0.000100660000,  -0.25600,
,,,0.000100680000,  -0.24000,
,,,0.000100700000,  -0.24000,
,,,0.000100720000,  -0.27200,
,,,0.000100740000,  -0.23200,
,,,0.000100760000,  -0.20800,
,,,0.000100780000,  -0.24000,
,,,0.000100800000,  -0.22400,
,,,0.000100820000,  -0.23200,
,,,0.000100840000,  -0.23200,
,,,0.000100860000,  -0.22400,
,,,0.000100880000,  -0.24000,
,,,0.000100900000,  -0.24000,
,,,0.000100920000,  -0.25600,
,,,0.000100940000,  -0.22400,
,,,0.000100960000,  -0.24800,
,,,0.000100980000,  -0.26400,
,,,0.000101000000,  -0.24000,
,,,0.000101020000,  -0.24800,
,,,0.000101040000,  -0.25600,
,,,0.000101060000,  -0.28000,
,,,0.000101080000,  -0.22400,
,,,0.000101100000,  -0.25600,
,,,0.000101120000,  -0.25600,
,,,0.000101140000,  -0.26400,
,,,0.000101160000,  -0.24800,
,,,0.000101180000,  -0.24000,
,,,0.000101200000,  -0.22400,
,,,0.000101220000,  -0.24000,
,,,0.000101240000,  -0.27200,
,,,0.000101260000,  -0.24800,
,,,0.000101280000,  -0.21600,
,,,0.000101300000,  -0.27200,
,,,0.000101320000,  -0.26400,
,,,0.000101340000,  -0.27200,
,,,0.000101360000,  -0.27200,
,,,0.000101380000,  -0.26400,
,,,0.000101400000,  -0.24000,
,,,0.000101420000,  -0.28800,
,,,0.000101440000,  -0.25600,
,,,0.000101460000,  -0.25600,
,,,0.000101480000,  -0.28800,
,,,0.000101500000,  -0.26400,
,,,0.000101520000,  -0.25600,
,,,0.000101540000,  -0.25600,
,,,0.000101560000,  -0.28000,
,,,0.000101580000,  -0.28000,
,,,0.000101600000,  -0.27200,
,,,0.000101620000,  -0.28800,
,,,0.000101640000,  -0.26400,
,,,0.000101660000,  -0.24800,
,,,0.000101680000,  -0.31200,
,,,0.000101700000,  -0.26400,
,,,0.000101720000,  -0.28800,
,,,0.000101740000,  -0.28000,
,,,0.000101760000,  -0.24800,
,,,0.000101780000,  -0.25600,
,,,0.000101800000,  -0.26400,
,,,0.000101820000,  -0.26400,
,,,0.000101840000,  -0.25600,
,,,0.000101860000,  -0.24800,
,,,0.000101880000,  -0.23200,
,,,0.000101900000,  -0.25600,
,,,0.000101920000,  -0.24800,
,,,0.000101940000,  -0.26400,
,,,0.000101960000,  -0.26400,
,,,0.000101980000,  -0.24000,
,,,0.000102000000,  -0.24800,
,,,0.000102020000,  -0.23200,
,,,0.000102040000,  -0.22400,
,,,0.000102060000,  -0.26400,
,,,0.000102080000,  -0.24800,
,,,0.000102100000,  -0.25600,
,,,0.000102120000,  -0.25600,
,,,0.000102140000,  -0.27200,
,,,0.000102160000,  -0.27200,
,,,0.000102180000,  -0.28000,
,,,0.000102200000,  -0.27200,
,,,0.000102220000,  -0.24000,
,,,0.000102240000,  -0.21600,
,,,0.000102260000,  -0.27200,
,,,0.000102280000,  -0.28000,
,,,0.000102300000,  -0.24800,
,,,0.000102320000,  -0.24800,
,,,0.000102340000,  -0.25600,
,,,0.000102360000,  -0.28800,
,,,0.000102380000,  -0.24000,
,,,0.000102400000,  -0.22400,
,,,0.000102420000,  -0.22400,
,,,0.000102440000,  -0.25600,
,,,0.000102460000,  -0.24800,
,,,0.000102480000,  -0.24800,
,,,0.000102500000,  -0.23200,
,,,0.000102520000,  -0.24000,
,,,0.000102540000,  -0.24000,
,,,0.000102560000,  -0.23200,
,,,0.000102580000,  -0.21600,
,,,0.000102600000,  -0.21600,
,,,0.000102620000,  -0.24000,
,,,0.000102640000,  -0.28800,
,,,0.000102660000,  -0.23200,
,,,0.000102680000,  -0.23200,
,,,0.000102700000,  -0.24800,
,,,0.000102720000,  -0.18400,
,,,0.000102740000,  -0.24800,
,,,0.000102760000,  -0.24000,
,,,0.000102780000,  -0.22400,
,,,0.000102800000,  -0.24800,
,,,0.000102820000,  -0.25600,
,,,0.000102840000,  -0.21600,
,,,0.000102860000,  -0.24000,
,,,0.000102880000,  -0.23200,
,,,0.000102900000,  -0.22400,
,,,0.000102920000,  -0.22400,
,,,0.000102940000,  -0.21600,
,,,0.000102960000,  -0.18400,
,,,0.000102980000,  -0.23200,
,,,0.000103000000,  -0.20000,
,,,0.000103020000,  -0.20000,
,,,0.000103040000,  -0.22400,
,,,0.000103060000,  -0.20000,
,,,0.000103080000,  -0.20800,
,,,0.000103100000,  -0.20000,
,,,0.000103120000,  -0.22400,
,,,0.000103140000,  -0.22400,
,,,0.000103160000,  -0.22400,
,,,0.000103180000,  -0.23200,
,,,0.000103200000,  -0.23200,
,,,0.000103220000,  -0.21600,
,,,0.000103240000,  -0.21600,
,,,0.000103260000,  -0.20800,
,,,0.000103280000,  -0.20000,
,,,0.000103300000,  -0.24000,
,,,0.000103320000,  -0.19200,
,,,0.000103340000,  -0.22400,
,,,0.000103360000,  -0.21600,
,,,0.000103380000,  -0.20000,
,,,0.000103400000,  -0.21600,
,,,0.000103420000,  -0.20800,
,,,0.000103440000,  -0.20000,
,,,0.000103460000,  -0.23200,
,,,0.000103480000,  -0.22400,
,,,0.000103500000,  -0.20800,
,,,0.000103520000,  -0.17600,
,,,0.000103540000,  -0.20000,
,,,0.000103560000,  -0.22400,
,,,0.000103580000,  -0.22400,
,,,0.000103600000,  -0.20000,
,,,0.000103620000,  -0.17600,
,,,0.000103640000,  -0.19200,
,,,0.000103660000,  -0.20000,
,,,0.000103680000,  -0.20000,
,,,0.000103700000,  -0.20800,
,,,0.000103720000,  -0.22400,
,,,0.000103740000,  -0.20800,
,,,0.000103760000,  -0.21600,
,,,0.000103780000,  -0.20800,
,,,0.000103800000,  -0.21600,
,,,0.000103820000,  -0.20800,
,,,0.000103840000,  -0.19200,
,,,0.000103860000,  -0.20000,
,,,0.000103880000,  -0.16800,
,,,0.000103900000,  -0.16800,
,,,0.000103920000,  -0.16000,
,,,0.000103940000,  -0.18400,
,,,0.000103960000,  -0.17600,
,,,0.000103980000,  -0.20000,
,,,0.000104000000,  -0.18400,
,,,0.000104020000,  -0.18400,
,,,0.000104040000,  -0.16000,
,,,0.000104060000,  -0.19200,
,,,0.000104080000,  -0.18400,
,,,0.000104100000,  -0.20000,
,,,0.000104120000,  -0.21600,
,,,0.000104140000,  -0.20000,
,,,0.000104160000,  -0.18400,
,,,0.000104180000,  -0.16800,
,,,0.000104200000,  -0.16800,
,,,0.000104220000,  -0.14400,
,,,0.000104240000,  -0.16800,
,,,0.000104260000,  -0.19200,
,,,0.000104280000,  -0.15200,
,,,0.000104300000,  -0.20000,
,,,0.000104320000,  -0.17600,
,,,0.000104340000,  -0.16800,
,,,0.000104360000,  -0.18400,
,,,0.000104380000,  -0.17600,
,,,0.000104400000,  -0.17600,
,,,0.000104420000,  -0.19200,
,,,0.000104440000,  -0.20800,
,,,0.000104460000,  -0.15200,
,,,0.000104480000,  -0.14400,
,,,0.000104500000,  -0.12000,
,,,0.000104520000,  -0.15200,
,,,0.000104540000,  -0.16800,
,,,0.000104560000,  -0.15200,
,,,0.000104580000,  -0.17600,
,,,0.000104600000,  -0.18400,
,,,0.000104620000,  -0.16800,
,,,0.000104640000,  -0.16000,
,,,0.000104660000,  -0.16800,
,,,0.000104680000,  -0.13600,
,,,0.000104700000,  -0.16800,
,,,0.000104720000,  -0.17600,
,,,0.000104740000,  -0.14400,
,,,0.000104760000,  -0.16000,
,,,0.000104780000,  -0.19200,
,,,0.000104800000,  -0.17600,
,,,0.000104820000,  -0.16800,
,,,0.000104840000,  -0.10400,
,,,0.000104860000,  -0.15200,
,,,0.000104880000,  -0.13600,
,,,0.000104900000,  -0.14400,
,,,0.000104920000,  -0.13600,
,,,0.000104940000,  -0.14400,
,,,0.000104960000,  -0.16000,
,,,0.000104980000,  -0.12800,
,,,0.000105000000,  -0.16000,
,,,0.000105020000,  -0.14400,
,,,0.000105040000,  -0.14400,
,,,0.000105060000,  -0.15200,
,,,0.000105080000,  -0.12000,
,,,0.000105100000,  -0.12000,
,,,0.000105120000,  -0.15200,
,,,0.000105140000,  -0.12000,
,,,0.000105160000,  -0.14400,
,,,0.000105180000,  -0.16800,
,,,0.000105200000,  -0.16000,
,,,0.000105220000,  -0.15200,
,,,0.000105240000,  -0.13600,
,,,0.000105260000,  -0.12800,
,,,0.000105280000,  -0.15200,
,,,0.000105300000,  -0.16000,
,,,0.000105320000,  -0.12800,
,,,0.000105340000,  -0.16800,
,,,0.000105360000,  -0.14400,
,,,0.000105380000,  -0.16000,
